sql_id,plan_hash_value,id,parent_id,operation,options,object_name
gngtvs38t0060,3679945446,0,,SELECT STATEMENT,,
gngtvs38t0060,3679945446,1,0.0,SORT,UNIQUE,
gngtvs38t0060,3679945446,2,1.0,UNION-ALL,,
gngtvs38t0060,3679945446,3,2.0,CONNECT BY,WITH FILTERING (UNIQUE),
gngtvs38t0060,3679945446,4,3.0,HASH JOIN,,
gngtvs38t0060,3679945446,5,4.0,NESTED LOOPS,,
gngtvs38t0060,3679945446,6,5.0,STATISTICS COLLECTOR,,
gngtvs38t0060,3679945446,7,6.0,INDEX,RANGE SCAN,I_CODEAUTH1
gngtvs38t0060,3679945446,8,5.0,INDEX,RANGE SCAN,I_SYSAUTH1
gngtvs38t0060,3679945446,9,4.0,INDEX,FAST FULL SCAN,I_SYSAUTH1
gngtvs38t0060,3679945446,10,3.0,HASH JOIN,,
gngtvs38t0060,3679945446,11,10.0,NESTED LOOPS,,
gngtvs38t0060,3679945446,12,11.0,STATISTICS COLLECTOR,,
gngtvs38t0060,3679945446,13,12.0,CONNECT BY PUMP,,
gngtvs38t0060,3679945446,14,11.0,INDEX,RANGE SCAN,I_SYSAUTH1
gngtvs38t0060,3679945446,15,10.0,INDEX,FAST FULL SCAN,I_SYSAUTH1
gngtvs38t0060,3679945446,16,2.0,INDEX,RANGE SCAN,I_CODEAUTH1
gngtvs38t0060,3679945446,0,,SELECT STATEMENT,,
gngtvs38t0060,3679945446,1,0.0,SORT,UNIQUE,
gngtvs38t0060,3679945446,2,1.0,UNION-ALL,,
gngtvs38t0060,3679945446,3,2.0,CONNECT BY,WITH FILTERING (UNIQUE),
gngtvs38t0060,3679945446,4,3.0,HASH JOIN,,
gngtvs38t0060,3679945446,5,4.0,NESTED LOOPS,,
gngtvs38t0060,3679945446,6,5.0,STATISTICS COLLECTOR,,
gngtvs38t0060,3679945446,7,6.0,INDEX,RANGE SCAN,I_CODEAUTH1
gngtvs38t0060,3679945446,8,5.0,INDEX,RANGE SCAN,I_SYSAUTH1
gngtvs38t0060,3679945446,9,4.0,INDEX,FAST FULL SCAN,I_SYSAUTH1
gngtvs38t0060,3679945446,10,3.0,HASH JOIN,,
gngtvs38t0060,3679945446,11,10.0,NESTED LOOPS,,
gngtvs38t0060,3679945446,12,11.0,STATISTICS COLLECTOR,,
gngtvs38t0060,3679945446,13,12.0,CONNECT BY PUMP,,
gngtvs38t0060,3679945446,14,11.0,INDEX,RANGE SCAN,I_SYSAUTH1
gngtvs38t0060,3679945446,15,10.0,INDEX,FAST FULL SCAN,I_SYSAUTH1
gngtvs38t0060,3679945446,16,2.0,INDEX,RANGE SCAN,I_CODEAUTH1
06gfrprr7w0r2,2709293936,0,,SELECT STATEMENT,,
06gfrprr7w0r2,2709293936,1,0.0,TABLE ACCESS,CLUSTER,USER$
06gfrprr7w0r2,2709293936,2,1.0,INDEX,UNIQUE SCAN,I_USER#
cvz6r0wmrn1ch,3869398808,0,,SELECT STATEMENT,,
cvz6r0wmrn1ch,3869398808,1,0.0,SORT,ORDER BY,
cvz6r0wmrn1ch,3869398808,2,1.0,TABLE ACCESS,FULL,AUD$
16qnyr3uh81xv,2657262937,0,,SELECT STATEMENT,,
16qnyr3uh81xv,2657262937,1,0.0,FIXED TABLE,FULL,X$KQLFXPL
9g485acn2n30m,3483575214,0,,SELECT STATEMENT,,
9g485acn2n30m,3483575214,1,0.0,TABLE ACCESS,BY INDEX ROWID,REFCON$
9g485acn2n30m,3483575214,2,1.0,INDEX,RANGE SCAN,I_REFCON2
7tjrvtj82c34m,2007252183,0,,SELECT STATEMENT,,
7tjrvtj82c34m,2007252183,1,0.0,FILTER,,
7tjrvtj82c34m,2007252183,2,1.0,NESTED LOOPS,,
7tjrvtj82c34m,2007252183,3,2.0,HASH JOIN,,
7tjrvtj82c34m,2007252183,4,3.0,HASH JOIN,,
7tjrvtj82c34m,2007252183,5,4.0,HASH JOIN,OUTER,
7tjrvtj82c34m,2007252183,6,5.0,HASH JOIN,,
7tjrvtj82c34m,2007252183,7,6.0,HASH JOIN,OUTER,
7tjrvtj82c34m,2007252183,8,7.0,HASH JOIN,,
7tjrvtj82c34m,2007252183,9,8.0,MERGE JOIN,CARTESIAN,
7tjrvtj82c34m,2007252183,10,9.0,TABLE ACCESS,FULL,PROFILE$
7tjrvtj82c34m,2007252183,11,9.0,BUFFER,SORT,
7tjrvtj82c34m,2007252183,12,11.0,TABLE ACCESS,FULL,PROFILE$
7tjrvtj82c34m,2007252183,13,8.0,TABLE ACCESS,FULL,USER$
7tjrvtj82c34m,2007252183,14,7.0,TABLE ACCESS,FULL,RESOURCE_GROUP_MAPPING$
7tjrvtj82c34m,2007252183,15,6.0,TABLE ACCESS,FULL,PROFNAME$
7tjrvtj82c34m,2007252183,16,5.0,TABLE ACCESS,FULL,TS$
7tjrvtj82c34m,2007252183,17,4.0,TABLE ACCESS,FULL,TS$
7tjrvtj82c34m,2007252183,18,3.0,TABLE ACCESS,FULL,TS$
7tjrvtj82c34m,2007252183,19,2.0,TABLE ACCESS,FULL,USER_ASTATUS_MAP
7j6s88dwj037d,1220935057,0,,SELECT STATEMENT,,
7j6s88dwj037d,1220935057,1,0.0,PX COORDINATOR,,
7j6s88dwj037d,1220935057,2,1.0,PX SEND,QC (RANDOM),:TQ10000
7j6s88dwj037d,1220935057,3,2.0,FILTER,,
7j6s88dwj037d,1220935057,4,3.0,PX PARTITION LIST,ALL,
7j6s88dwj037d,1220935057,5,4.0,EXTENDED DATA LINK,FULL,INT$DBA_PROCEDURES
dxkqgnf3f843s,3565588218,0,,SELECT STATEMENT,,
dxkqgnf3f843s,3565588218,1,0.0,SORT,AGGREGATE,
dxkqgnf3f843s,3565588218,2,1.0,HASH JOIN,,
dxkqgnf3f843s,3565588218,3,2.0,HASH JOIN,,
dxkqgnf3f843s,3565588218,4,3.0,NESTED LOOPS,,
dxkqgnf3f843s,3565588218,5,4.0,STATISTICS COLLECTOR,,
dxkqgnf3f843s,3565588218,6,5.0,TABLE ACCESS,FULL,SCHEDULER$_WINDOW
dxkqgnf3f843s,3565588218,7,4.0,INDEX,RANGE SCAN,I_OBJ1
dxkqgnf3f843s,3565588218,8,3.0,INDEX,FAST FULL SCAN,I_OBJ1
dxkqgnf3f843s,3565588218,9,2.0,INDEX,FULL SCAN,I_USER2
a4kt90pdb44w2,3773754457,0,,SELECT STATEMENT,,
a4kt90pdb44w2,3773754457,1,0.0,UNION-ALL,,
a4kt90pdb44w2,3773754457,2,1.0,SORT,UNIQUE,
a4kt90pdb44w2,3773754457,3,2.0,FILTER,,
a4kt90pdb44w2,3773754457,4,3.0,HASH JOIN,,
a4kt90pdb44w2,3773754457,5,4.0,TABLE ACCESS,FULL,AUDIT_NG$
a4kt90pdb44w2,3773754457,6,4.0,TABLE ACCESS,FULL,AUD_POLICY$
a4kt90pdb44w2,3773754457,7,3.0,TABLE ACCESS,FULL,AUDIT_NG$
a4kt90pdb44w2,3773754457,8,1.0,SORT,UNIQUE,
a4kt90pdb44w2,3773754457,9,8.0,MERGE JOIN,CARTESIAN,
a4kt90pdb44w2,3773754457,10,9.0,HASH JOIN,,
a4kt90pdb44w2,3773754457,11,10.0,HASH JOIN,,
a4kt90pdb44w2,3773754457,12,11.0,JOIN FILTER,CREATE,:BF0000
a4kt90pdb44w2,3773754457,13,12.0,TABLE ACCESS,FULL,AUDIT_NG$
a4kt90pdb44w2,3773754457,14,11.0,VIEW,,VW_NSO_1
a4kt90pdb44w2,3773754457,15,14.0,SORT,UNIQUE,
a4kt90pdb44w2,3773754457,16,15.0,JOIN FILTER,USE,:BF0000
a4kt90pdb44w2,3773754457,17,16.0,CONNECT BY,WITH FILTERING (UNIQUE),
a4kt90pdb44w2,3773754457,18,17.0,FILTER,,
a4kt90pdb44w2,3773754457,19,18.0,INDEX,RANGE SCAN,I_SYSAUTH1
a4kt90pdb44w2,3773754457,20,17.0,HASH JOIN,,
a4kt90pdb44w2,3773754457,21,20.0,NESTED LOOPS,,
a4kt90pdb44w2,3773754457,22,21.0,STATISTICS COLLECTOR,,
a4kt90pdb44w2,3773754457,23,22.0,CONNECT BY PUMP,,
a4kt90pdb44w2,3773754457,24,21.0,INDEX,RANGE SCAN,I_SYSAUTH1
a4kt90pdb44w2,3773754457,25,20.0,INDEX,FULL SCAN,I_SYSAUTH1
a4kt90pdb44w2,3773754457,26,10.0,TABLE ACCESS,FULL,AUD_POLICY$
a4kt90pdb44w2,3773754457,27,9.0,BUFFER,SORT,
a4kt90pdb44w2,3773754457,28,27.0,INDEX,RANGE SCAN,I_SYSAUTH1
asvzxj61dc5vs,3028786551,0,,SELECT STATEMENT,,
asvzxj61dc5vs,3028786551,1,0.0,TABLE ACCESS,BY INDEX ROWID,FIXED_OBJ$
asvzxj61dc5vs,3028786551,2,1.0,INDEX,UNIQUE SCAN,I_FIXED_OBJ$_OBJ#
asvzxj61dc5vs,3028786551,0,,SELECT STATEMENT,,
asvzxj61dc5vs,3028786551,1,0.0,TABLE ACCESS,BY INDEX ROWID,FIXED_OBJ$
asvzxj61dc5vs,3028786551,2,1.0,INDEX,UNIQUE SCAN,I_FIXED_OBJ$_OBJ#
9x2prazfz86dz,2357590557,0,,SELECT STATEMENT,,
9x2prazfz86dz,2357590557,1,0.0,SORT,UNIQUE,
9x2prazfz86dz,2357590557,2,1.0,UNION-ALL,,
9x2prazfz86dz,2357590557,3,2.0,HASH JOIN,,
9x2prazfz86dz,2357590557,4,3.0,TABLE ACCESS,FULL,SEG$
9x2prazfz86dz,2357590557,5,3.0,TABLE ACCESS,FULL,TAB$
9x2prazfz86dz,2357590557,6,2.0,HASH JOIN,,
9x2prazfz86dz,2357590557,7,6.0,NESTED LOOPS,,
9x2prazfz86dz,2357590557,8,7.0,STATISTICS COLLECTOR,,
9x2prazfz86dz,2357590557,9,8.0,HASH JOIN,,
9x2prazfz86dz,2357590557,10,9.0,TABLE ACCESS,FULL,SEG$
9x2prazfz86dz,2357590557,11,9.0,TABLE ACCESS,FULL,TABPART$
9x2prazfz86dz,2357590557,12,7.0,TABLE ACCESS,CLUSTER,TAB$
9x2prazfz86dz,2357590557,13,12.0,INDEX,UNIQUE SCAN,I_OBJ#
9x2prazfz86dz,2357590557,14,6.0,TABLE ACCESS,FULL,TAB$
9x2prazfz86dz,2357590557,15,2.0,HASH JOIN,,
9x2prazfz86dz,2357590557,16,15.0,NESTED LOOPS,,
9x2prazfz86dz,2357590557,17,16.0,STATISTICS COLLECTOR,,
9x2prazfz86dz,2357590557,18,17.0,HASH JOIN,,
9x2prazfz86dz,2357590557,19,18.0,NESTED LOOPS,,
9x2prazfz86dz,2357590557,20,19.0,STATISTICS COLLECTOR,,
9x2prazfz86dz,2357590557,21,20.0,NESTED LOOPS,,
9x2prazfz86dz,2357590557,22,21.0,TABLE ACCESS,FULL,TABSUBPART$
9x2prazfz86dz,2357590557,23,21.0,TABLE ACCESS,CLUSTER,SEG$
9x2prazfz86dz,2357590557,24,23.0,INDEX,UNIQUE SCAN,I_FILE#_BLOCK#
9x2prazfz86dz,2357590557,25,19.0,TABLE ACCESS,BY INDEX ROWID,TABCOMPART$
9x2prazfz86dz,2357590557,26,25.0,INDEX,UNIQUE SCAN,I_TABCOMPART$
9x2prazfz86dz,2357590557,27,18.0,TABLE ACCESS,FULL,TABCOMPART$
9x2prazfz86dz,2357590557,28,16.0,TABLE ACCESS,CLUSTER,TAB$
9x2prazfz86dz,2357590557,29,28.0,INDEX,UNIQUE SCAN,I_OBJ#
9x2prazfz86dz,2357590557,30,15.0,TABLE ACCESS,FULL,TAB$
7hz6qkr2687bv,2035254952,0,,SELECT STATEMENT,,
7hz6qkr2687bv,2035254952,1,0.0,MERGE JOIN,OUTER,
7hz6qkr2687bv,2035254952,2,1.0,TABLE ACCESS,CLUSTER,TAB$
7hz6qkr2687bv,2035254952,3,2.0,INDEX,UNIQUE SCAN,I_OBJ#
7hz6qkr2687bv,2035254952,4,1.0,BUFFER,SORT,
7hz6qkr2687bv,2035254952,5,4.0,TABLE ACCESS,BY INDEX ROWID,TAB_STATS$
7hz6qkr2687bv,2035254952,6,5.0,INDEX,UNIQUE SCAN,I_TAB_STATS$_OBJ#
3dd8n8jn447uk,2115916697,0,,SELECT STATEMENT,,
3dd8n8jn447uk,2115916697,1,0.0,VIEW,,
3dd8n8jn447uk,2115916697,2,1.0,UNION-ALL,,
3dd8n8jn447uk,2115916697,3,2.0,FILTER,,
3dd8n8jn447uk,2115916697,4,3.0,MERGE JOIN,CARTESIAN,
3dd8n8jn447uk,2115916697,5,4.0,HASH JOIN,OUTER,
3dd8n8jn447uk,2115916697,6,5.0,NESTED LOOPS,OUTER,
3dd8n8jn447uk,2115916697,7,6.0,STATISTICS COLLECTOR,,
3dd8n8jn447uk,2115916697,8,7.0,HASH JOIN,OUTER,
3dd8n8jn447uk,2115916697,9,8.0,NESTED LOOPS,OUTER,
3dd8n8jn447uk,2115916697,10,9.0,STATISTICS COLLECTOR,,
3dd8n8jn447uk,2115916697,11,10.0,HASH JOIN,OUTER,
3dd8n8jn447uk,2115916697,12,11.0,NESTED LOOPS,OUTER,
3dd8n8jn447uk,2115916697,13,12.0,STATISTICS COLLECTOR,,
3dd8n8jn447uk,2115916697,14,13.0,HASH JOIN,OUTER,
3dd8n8jn447uk,2115916697,15,14.0,NESTED LOOPS,OUTER,
3dd8n8jn447uk,2115916697,16,15.0,STATISTICS COLLECTOR,,
3dd8n8jn447uk,2115916697,17,16.0,HASH JOIN,,
3dd8n8jn447uk,2115916697,18,17.0,NESTED LOOPS,,
3dd8n8jn447uk,2115916697,19,18.0,STATISTICS COLLECTOR,,
3dd8n8jn447uk,2115916697,20,19.0,NESTED LOOPS,OUTER,
3dd8n8jn447uk,2115916697,21,20.0,HASH JOIN,,
3dd8n8jn447uk,2115916697,22,21.0,NESTED LOOPS,,
3dd8n8jn447uk,2115916697,23,22.0,STATISTICS COLLECTOR,,
3dd8n8jn447uk,2115916697,24,23.0,HASH JOIN,,
3dd8n8jn447uk,2115916697,25,24.0,NESTED LOOPS,,
3dd8n8jn447uk,2115916697,26,25.0,STATISTICS COLLECTOR,,
3dd8n8jn447uk,2115916697,27,26.0,NESTED LOOPS,,
3dd8n8jn447uk,2115916697,28,27.0,TABLE ACCESS,BY INDEX ROWID,USER$
3dd8n8jn447uk,2115916697,29,28.0,INDEX,UNIQUE SCAN,I_USER1
3dd8n8jn447uk,2115916697,30,27.0,TABLE ACCESS,BY INDEX ROWID BATCHED,OBJ$
3dd8n8jn447uk,2115916697,31,30.0,INDEX,RANGE SCAN,I_OBJ5
3dd8n8jn447uk,2115916697,32,25.0,INDEX,RANGE SCAN,I_USER2
3dd8n8jn447uk,2115916697,33,24.0,INDEX,FULL SCAN,I_USER2
3dd8n8jn447uk,2115916697,34,22.0,TABLE ACCESS,CLUSTER,TAB$
3dd8n8jn447uk,2115916697,35,34.0,INDEX,UNIQUE SCAN,I_OBJ#
3dd8n8jn447uk,2115916697,36,21.0,TABLE ACCESS,FULL,TAB$
3dd8n8jn447uk,2115916697,37,20.0,INDEX,RANGE SCAN,I_IMSVC1
3dd8n8jn447uk,2115916697,38,18.0,TABLE ACCESS,CLUSTER,TS$
3dd8n8jn447uk,2115916697,39,38.0,INDEX,UNIQUE SCAN,I_TS#
3dd8n8jn447uk,2115916697,40,17.0,TABLE ACCESS,FULL,TS$
3dd8n8jn447uk,2115916697,41,15.0,TABLE ACCESS,CLUSTER,SEG$
3dd8n8jn447uk,2115916697,42,41.0,INDEX,UNIQUE SCAN,I_FILE#_BLOCK#
3dd8n8jn447uk,2115916697,43,14.0,TABLE ACCESS,FULL,SEG$
3dd8n8jn447uk,2115916697,44,12.0,INDEX,RANGE SCAN,I_OBJ1
3dd8n8jn447uk,2115916697,45,11.0,INDEX,FAST FULL SCAN,I_OBJ1
3dd8n8jn447uk,2115916697,46,9.0,INDEX,RANGE SCAN,I_OBJ1
3dd8n8jn447uk,2115916697,47,8.0,INDEX,FAST FULL SCAN,I_OBJ1
3dd8n8jn447uk,2115916697,48,6.0,INDEX,RANGE SCAN,I_USER2
3dd8n8jn447uk,2115916697,49,5.0,INDEX,FULL SCAN,I_USER2
3dd8n8jn447uk,2115916697,50,4.0,BUFFER,SORT,
3dd8n8jn447uk,2115916697,51,50.0,VIEW,,
3dd8n8jn447uk,2115916697,52,51.0,NESTED LOOPS,,
3dd8n8jn447uk,2115916697,53,52.0,FIXED TABLE,FIXED INDEX,X$KSPPI (ind:1)
3dd8n8jn447uk,2115916697,54,52.0,FIXED TABLE,FIXED INDEX,X$KSPPCV (ind:1)
3dd8n8jn447uk,2115916697,55,3.0,NESTED LOOPS,SEMI,
3dd8n8jn447uk,2115916697,56,55.0,FIXED TABLE,FULL,X$KZSRO
3dd8n8jn447uk,2115916697,57,55.0,INDEX,RANGE SCAN,I_OBJAUTH2
3dd8n8jn447uk,2115916697,58,3.0,TABLE ACCESS,BY INDEX ROWID BATCHED,USER_EDITIONING$
3dd8n8jn447uk,2115916697,59,58.0,INDEX,RANGE SCAN,I_USER_EDITIONING
3dd8n8jn447uk,2115916697,60,3.0,TABLE ACCESS,BY INDEX ROWID BATCHED,USER_EDITIONING$
3dd8n8jn447uk,2115916697,61,60.0,INDEX,RANGE SCAN,I_USER_EDITIONING
3dd8n8jn447uk,2115916697,62,3.0,NESTED LOOPS,SEMI,
3dd8n8jn447uk,2115916697,63,62.0,INDEX,SKIP SCAN,I_USER2
3dd8n8jn447uk,2115916697,64,62.0,INDEX,RANGE SCAN,I_OBJ4
3dd8n8jn447uk,2115916697,65,2.0,FILTER,,
3dd8n8jn447uk,2115916697,66,65.0,PX COORDINATOR,,
3dd8n8jn447uk,2115916697,67,66.0,PX SEND,QC (RANDOM),:TQ10000
3dd8n8jn447uk,2115916697,68,67.0,PX PARTITION LIST,ALL,
3dd8n8jn447uk,2115916697,69,68.0,EXTENDED DATA LINK,FULL,INT$DBA_VIEWS
3dd8n8jn447uk,2115916697,70,65.0,NESTED LOOPS,SEMI,
3dd8n8jn447uk,2115916697,71,70.0,FIXED TABLE,FULL,X$KZSRO
3dd8n8jn447uk,2115916697,72,70.0,INDEX,RANGE SCAN,I_OBJAUTH2
3dd8n8jn447uk,2115916697,73,65.0,FIXED TABLE,FULL,X$KZSPR
3dd8n8jn447uk,2115916697,0,,SELECT STATEMENT,,
3dd8n8jn447uk,2115916697,1,0.0,VIEW,,
3dd8n8jn447uk,2115916697,2,1.0,UNION-ALL,,
3dd8n8jn447uk,2115916697,3,2.0,FILTER,,
3dd8n8jn447uk,2115916697,4,3.0,MERGE JOIN,CARTESIAN,
3dd8n8jn447uk,2115916697,5,4.0,HASH JOIN,OUTER,
3dd8n8jn447uk,2115916697,6,5.0,NESTED LOOPS,OUTER,
3dd8n8jn447uk,2115916697,7,6.0,STATISTICS COLLECTOR,,
3dd8n8jn447uk,2115916697,8,7.0,HASH JOIN,OUTER,
3dd8n8jn447uk,2115916697,9,8.0,NESTED LOOPS,OUTER,
3dd8n8jn447uk,2115916697,10,9.0,STATISTICS COLLECTOR,,
3dd8n8jn447uk,2115916697,11,10.0,HASH JOIN,OUTER,
3dd8n8jn447uk,2115916697,12,11.0,NESTED LOOPS,OUTER,
3dd8n8jn447uk,2115916697,13,12.0,STATISTICS COLLECTOR,,
3dd8n8jn447uk,2115916697,14,13.0,HASH JOIN,OUTER,
3dd8n8jn447uk,2115916697,15,14.0,NESTED LOOPS,OUTER,
3dd8n8jn447uk,2115916697,16,15.0,STATISTICS COLLECTOR,,
3dd8n8jn447uk,2115916697,17,16.0,HASH JOIN,,
3dd8n8jn447uk,2115916697,18,17.0,NESTED LOOPS,,
3dd8n8jn447uk,2115916697,19,18.0,STATISTICS COLLECTOR,,
3dd8n8jn447uk,2115916697,20,19.0,NESTED LOOPS,OUTER,
3dd8n8jn447uk,2115916697,21,20.0,HASH JOIN,,
3dd8n8jn447uk,2115916697,22,21.0,NESTED LOOPS,,
3dd8n8jn447uk,2115916697,23,22.0,STATISTICS COLLECTOR,,
3dd8n8jn447uk,2115916697,24,23.0,HASH JOIN,,
3dd8n8jn447uk,2115916697,25,24.0,NESTED LOOPS,,
3dd8n8jn447uk,2115916697,26,25.0,STATISTICS COLLECTOR,,
3dd8n8jn447uk,2115916697,27,26.0,NESTED LOOPS,,
3dd8n8jn447uk,2115916697,28,27.0,TABLE ACCESS,BY INDEX ROWID,USER$
3dd8n8jn447uk,2115916697,29,28.0,INDEX,UNIQUE SCAN,I_USER1
3dd8n8jn447uk,2115916697,30,27.0,TABLE ACCESS,BY INDEX ROWID BATCHED,OBJ$
3dd8n8jn447uk,2115916697,31,30.0,INDEX,RANGE SCAN,I_OBJ5
3dd8n8jn447uk,2115916697,32,25.0,INDEX,RANGE SCAN,I_USER2
3dd8n8jn447uk,2115916697,33,24.0,INDEX,FULL SCAN,I_USER2
3dd8n8jn447uk,2115916697,34,22.0,TABLE ACCESS,CLUSTER,TAB$
3dd8n8jn447uk,2115916697,35,34.0,INDEX,UNIQUE SCAN,I_OBJ#
3dd8n8jn447uk,2115916697,36,21.0,TABLE ACCESS,FULL,TAB$
3dd8n8jn447uk,2115916697,37,20.0,INDEX,RANGE SCAN,I_IMSVC1
3dd8n8jn447uk,2115916697,38,18.0,TABLE ACCESS,CLUSTER,TS$
3dd8n8jn447uk,2115916697,39,38.0,INDEX,UNIQUE SCAN,I_TS#
3dd8n8jn447uk,2115916697,40,17.0,TABLE ACCESS,FULL,TS$
3dd8n8jn447uk,2115916697,41,15.0,TABLE ACCESS,CLUSTER,SEG$
3dd8n8jn447uk,2115916697,42,41.0,INDEX,UNIQUE SCAN,I_FILE#_BLOCK#
3dd8n8jn447uk,2115916697,43,14.0,TABLE ACCESS,FULL,SEG$
3dd8n8jn447uk,2115916697,44,12.0,INDEX,RANGE SCAN,I_OBJ1
3dd8n8jn447uk,2115916697,45,11.0,INDEX,FAST FULL SCAN,I_OBJ1
3dd8n8jn447uk,2115916697,46,9.0,INDEX,RANGE SCAN,I_OBJ1
3dd8n8jn447uk,2115916697,47,8.0,INDEX,FAST FULL SCAN,I_OBJ1
3dd8n8jn447uk,2115916697,48,6.0,INDEX,RANGE SCAN,I_USER2
3dd8n8jn447uk,2115916697,49,5.0,INDEX,FULL SCAN,I_USER2
3dd8n8jn447uk,2115916697,50,4.0,BUFFER,SORT,
3dd8n8jn447uk,2115916697,51,50.0,VIEW,,
3dd8n8jn447uk,2115916697,52,51.0,NESTED LOOPS,,
3dd8n8jn447uk,2115916697,53,52.0,FIXED TABLE,FIXED INDEX,X$KSPPI (ind:1)
3dd8n8jn447uk,2115916697,54,52.0,FIXED TABLE,FIXED INDEX,X$KSPPCV (ind:1)
3dd8n8jn447uk,2115916697,55,3.0,NESTED LOOPS,SEMI,
3dd8n8jn447uk,2115916697,56,55.0,FIXED TABLE,FULL,X$KZSRO
3dd8n8jn447uk,2115916697,57,55.0,INDEX,RANGE SCAN,I_OBJAUTH2
3dd8n8jn447uk,2115916697,58,3.0,TABLE ACCESS,BY INDEX ROWID BATCHED,USER_EDITIONING$
3dd8n8jn447uk,2115916697,59,58.0,INDEX,RANGE SCAN,I_USER_EDITIONING
3dd8n8jn447uk,2115916697,60,3.0,TABLE ACCESS,BY INDEX ROWID BATCHED,USER_EDITIONING$
3dd8n8jn447uk,2115916697,61,60.0,INDEX,RANGE SCAN,I_USER_EDITIONING
3dd8n8jn447uk,2115916697,62,3.0,NESTED LOOPS,SEMI,
3dd8n8jn447uk,2115916697,63,62.0,INDEX,SKIP SCAN,I_USER2
3dd8n8jn447uk,2115916697,64,62.0,INDEX,RANGE SCAN,I_OBJ4
3dd8n8jn447uk,2115916697,65,2.0,FILTER,,
3dd8n8jn447uk,2115916697,66,65.0,PX COORDINATOR,,
3dd8n8jn447uk,2115916697,67,66.0,PX SEND,QC (RANDOM),:TQ10000
3dd8n8jn447uk,2115916697,68,67.0,PX PARTITION LIST,ALL,
3dd8n8jn447uk,2115916697,69,68.0,EXTENDED DATA LINK,FULL,INT$DBA_VIEWS
3dd8n8jn447uk,2115916697,70,65.0,NESTED LOOPS,SEMI,
3dd8n8jn447uk,2115916697,71,70.0,FIXED TABLE,FULL,X$KZSRO
3dd8n8jn447uk,2115916697,72,70.0,INDEX,RANGE SCAN,I_OBJAUTH2
3dd8n8jn447uk,2115916697,73,65.0,FIXED TABLE,FULL,X$KZSPR
6v7830rv3w7zf,3869398808,0,,SELECT STATEMENT,,
6v7830rv3w7zf,3869398808,1,0.0,SORT,ORDER BY,
6v7830rv3w7zf,3869398808,2,1.0,TABLE ACCESS,FULL,AUD$
7kaq4kd6jc8nk,3736732316,0,,SELECT STATEMENT,,
7kaq4kd6jc8nk,3736732316,1,0.0,TABLE ACCESS,BY INDEX ROWID BATCHED,FGA$
7kaq4kd6jc8nk,3736732316,2,1.0,INDEX,RANGE SCAN,I_FGAP
7ttzdd2rww8wk,2409577769,0,,SELECT STATEMENT,,
7ttzdd2rww8wk,2409577769,1,0.0,SORT,AGGREGATE,
7ttzdd2rww8wk,2409577769,2,1.0,FIRST ROW,,
7ttzdd2rww8wk,2409577769,3,2.0,INDEX,FULL SCAN (MIN/MAX),XDB$IDXXTAB_2
3ms7w0c6ph91t,0,0,,INSERT STATEMENT,,
3ms7w0c6ph91t,0,1,0.0,LOAD TABLE CONVENTIONAL,,COL_USAGE$
acmvv4fhdc9zh,813480514,0,,SELECT STATEMENT,,
acmvv4fhdc9zh,813480514,1,0.0,TABLE ACCESS,BY INDEX ROWID BATCHED,OBJ$
acmvv4fhdc9zh,813480514,2,1.0,INDEX,RANGE SCAN,I_OBJ2
acmvv4fhdc9zh,813480514,0,,SELECT STATEMENT,,
acmvv4fhdc9zh,813480514,1,0.0,TABLE ACCESS,BY INDEX ROWID BATCHED,OBJ$
acmvv4fhdc9zh,813480514,2,1.0,INDEX,RANGE SCAN,I_OBJ2
acmvv4fhdc9zh,813480514,0,,SELECT STATEMENT,,
acmvv4fhdc9zh,813480514,1,0.0,TABLE ACCESS,BY INDEX ROWID BATCHED,OBJ$
acmvv4fhdc9zh,813480514,2,1.0,INDEX,RANGE SCAN,I_OBJ2
axxh6fwbvnbpm,311576787,0,,SELECT STATEMENT,,
axxh6fwbvnbpm,311576787,1,0.0,SORT,AGGREGATE,
axxh6fwbvnbpm,311576787,2,1.0,TABLE ACCESS,FULL,STATS_ADVISOR_FILTER_OBJ$
5rurx5xtjwcu2,185276389,0,,SELECT STATEMENT,,
5rurx5xtjwcu2,185276389,1,0.0,NESTED LOOPS,,
5rurx5xtjwcu2,185276389,2,1.0,FIXED TABLE,FIXED INDEX,X$KSPPI (ind:1)
5rurx5xtjwcu2,185276389,3,1.0,FIXED TABLE,FIXED INDEX,X$KSPPCV (ind:1)
avf5k3k0x0cxn,3746835944,0,,INSERT STATEMENT,,
avf5k3k0x0cxn,3746835944,1,0.0,LOAD TABLE CONVENTIONAL,,STATS_ADVISOR_FILTER_OBJ$
avf5k3k0x0cxn,3746835944,2,1.0,HASH JOIN,SEMI,
avf5k3k0x0cxn,3746835944,3,2.0,TABLE ACCESS,FULL,STATS_ADVISOR_FILTER_OBJ$
avf5k3k0x0cxn,3746835944,4,2.0,VIEW,,VW_NSO_1
avf5k3k0x0cxn,3746835944,5,4.0,TABLE ACCESS,BY INDEX ROWID BATCHED,STATS_ADVISOR_FILTER_OBJ$
avf5k3k0x0cxn,3746835944,6,5.0,INDEX,RANGE SCAN,I_STATS_ADVISOR_FILTER_OBJ$
8rwu7c3wtsj3x,1975925550,0,,SELECT STATEMENT,,
8rwu7c3wtsj3x,1975925550,1,0.0,VIEW,,INT$DBA_PROCEDURES
8rwu7c3wtsj3x,1975925550,2,1.0,UNION-ALL,,
8rwu7c3wtsj3x,1975925550,3,2.0,FILTER,,
8rwu7c3wtsj3x,1975925550,4,3.0,HASH JOIN,RIGHT OUTER,
8rwu7c3wtsj3x,1975925550,5,4.0,TABLE ACCESS,FULL,USER$
8rwu7c3wtsj3x,1975925550,6,4.0,HASH JOIN,OUTER,
8rwu7c3wtsj3x,1975925550,7,6.0,JOIN FILTER,CREATE,:BF0000
8rwu7c3wtsj3x,1975925550,8,7.0,HASH JOIN,,
8rwu7c3wtsj3x,1975925550,9,8.0,TABLE ACCESS,FULL,PROCEDUREINFO$
8rwu7c3wtsj3x,1975925550,10,8.0,HASH JOIN,,
8rwu7c3wtsj3x,1975925550,11,10.0,TABLE ACCESS,FULL,USER$
8rwu7c3wtsj3x,1975925550,12,10.0,HASH JOIN,,
8rwu7c3wtsj3x,1975925550,13,12.0,INDEX,FULL SCAN,I_USER2
8rwu7c3wtsj3x,1975925550,14,12.0,TABLE ACCESS,FULL,OBJ$
8rwu7c3wtsj3x,1975925550,15,6.0,VIEW,,_CURRENT_EDITION_OBJ
8rwu7c3wtsj3x,1975925550,16,15.0,FILTER,,
8rwu7c3wtsj3x,1975925550,17,16.0,JOIN FILTER,USE,:BF0000
8rwu7c3wtsj3x,1975925550,18,17.0,HASH JOIN,,
8rwu7c3wtsj3x,1975925550,19,18.0,INDEX,FULL SCAN,I_USER2
8rwu7c3wtsj3x,1975925550,20,18.0,TABLE ACCESS,FULL,OBJ$
8rwu7c3wtsj3x,1975925550,21,16.0,TABLE ACCESS,BY INDEX ROWID BATCHED,USER_EDITIONING$
8rwu7c3wtsj3x,1975925550,22,21.0,INDEX,RANGE SCAN,I_USER_EDITIONING
8rwu7c3wtsj3x,1975925550,23,16.0,TABLE ACCESS,BY INDEX ROWID BATCHED,USER_EDITIONING$
8rwu7c3wtsj3x,1975925550,24,23.0,INDEX,RANGE SCAN,I_USER_EDITIONING
8rwu7c3wtsj3x,1975925550,25,16.0,NESTED LOOPS,SEMI,
8rwu7c3wtsj3x,1975925550,26,25.0,INDEX,SKIP SCAN,I_USER2
8rwu7c3wtsj3x,1975925550,27,25.0,INDEX,RANGE SCAN,I_OBJ4
8rwu7c3wtsj3x,1975925550,28,3.0,TABLE ACCESS,BY INDEX ROWID BATCHED,USER_EDITIONING$
8rwu7c3wtsj3x,1975925550,29,28.0,INDEX,RANGE SCAN,I_USER_EDITIONING
8rwu7c3wtsj3x,1975925550,30,3.0,TABLE ACCESS,BY INDEX ROWID BATCHED,USER_EDITIONING$
8rwu7c3wtsj3x,1975925550,31,30.0,INDEX,RANGE SCAN,I_USER_EDITIONING
8rwu7c3wtsj3x,1975925550,32,3.0,NESTED LOOPS,SEMI,
8rwu7c3wtsj3x,1975925550,33,32.0,INDEX,SKIP SCAN,I_USER2
8rwu7c3wtsj3x,1975925550,34,32.0,INDEX,RANGE SCAN,I_OBJ4
8rwu7c3wtsj3x,1975925550,35,2.0,FILTER,,
8rwu7c3wtsj3x,1975925550,36,35.0,FILTER,,
8rwu7c3wtsj3x,1975925550,37,36.0,HASH JOIN,OUTER,
8rwu7c3wtsj3x,1975925550,38,37.0,HASH JOIN,,
8rwu7c3wtsj3x,1975925550,39,38.0,NESTED LOOPS,,
8rwu7c3wtsj3x,1975925550,40,39.0,STATISTICS COLLECTOR,,
8rwu7c3wtsj3x,1975925550,41,40.0,HASH JOIN,,
8rwu7c3wtsj3x,1975925550,42,41.0,NESTED LOOPS,,
8rwu7c3wtsj3x,1975925550,43,42.0,STATISTICS COLLECTOR,,
8rwu7c3wtsj3x,1975925550,44,43.0,TABLE ACCESS,FULL,OBJ$
8rwu7c3wtsj3x,1975925550,45,42.0,INDEX,RANGE SCAN,I_USER2
8rwu7c3wtsj3x,1975925550,46,41.0,INDEX,FULL SCAN,I_USER2
8rwu7c3wtsj3x,1975925550,47,39.0,TABLE ACCESS,CLUSTER,USER$
8rwu7c3wtsj3x,1975925550,48,47.0,INDEX,UNIQUE SCAN,I_USER#
8rwu7c3wtsj3x,1975925550,49,38.0,TABLE ACCESS,FULL,USER$
8rwu7c3wtsj3x,1975925550,50,37.0,TABLE ACCESS,FULL,PROCEDUREINFO$
8rwu7c3wtsj3x,1975925550,51,35.0,TABLE ACCESS,BY INDEX ROWID BATCHED,USER_EDITIONING$
8rwu7c3wtsj3x,1975925550,52,51.0,INDEX,RANGE SCAN,I_USER_EDITIONING
8rwu7c3wtsj3x,1975925550,53,35.0,TABLE ACCESS,BY INDEX ROWID BATCHED,USER_EDITIONING$
8rwu7c3wtsj3x,1975925550,54,53.0,INDEX,RANGE SCAN,I_USER_EDITIONING
8rwu7c3wtsj3x,1975925550,55,35.0,NESTED LOOPS,SEMI,
8rwu7c3wtsj3x,1975925550,56,55.0,INDEX,SKIP SCAN,I_USER2
8rwu7c3wtsj3x,1975925550,57,55.0,INDEX,RANGE SCAN,I_OBJ4
9wncfacx0nj9h,0,0,,INSERT STATEMENT,,
9wncfacx0nj9h,0,1,0.0,LOAD TABLE CONVENTIONAL,,SMON_SCN_TIME
47r1y8yn34jmj,2191121161,0,,SELECT STATEMENT,,
47r1y8yn34jmj,2191121161,1,0.0,TABLE ACCESS,BY USER ROWID,COL$
2syvqzbxp4k9z,3866663607,0,,SELECT STATEMENT,,
2syvqzbxp4k9z,3866663607,1,0.0,HASH JOIN,,
2syvqzbxp4k9z,3866663607,2,1.0,NESTED LOOPS,,
2syvqzbxp4k9z,3866663607,3,2.0,STATISTICS COLLECTOR,,
2syvqzbxp4k9z,3866663607,4,3.0,HASH JOIN,,
2syvqzbxp4k9z,3866663607,5,4.0,NESTED LOOPS,,
2syvqzbxp4k9z,3866663607,6,5.0,STATISTICS COLLECTOR,,
2syvqzbxp4k9z,3866663607,7,6.0,TABLE ACCESS,BY INDEX ROWID BATCHED,ASSOCIATION$
2syvqzbxp4k9z,3866663607,8,7.0,INDEX,RANGE SCAN,ASSOC1
2syvqzbxp4k9z,3866663607,9,5.0,TABLE ACCESS,BY INDEX ROWID BATCHED,OBJ$
2syvqzbxp4k9z,3866663607,10,9.0,INDEX,RANGE SCAN,I_OBJ1
2syvqzbxp4k9z,3866663607,11,4.0,INDEX,FAST FULL SCAN,I_OBJ2
2syvqzbxp4k9z,3866663607,12,2.0,TABLE ACCESS,CLUSTER,USER$
2syvqzbxp4k9z,3866663607,13,12.0,INDEX,UNIQUE SCAN,I_USER#
2syvqzbxp4k9z,3866663607,14,1.0,TABLE ACCESS,FULL,USER$
0bzyrc5yb4m22,0,0,,INSERT STATEMENT,,
0bzyrc5yb4m22,0,1,0.0,LOAD TABLE CONVENTIONAL,,AUD$
0bzyrc5yb4m22,0,0,,INSERT STATEMENT,,
0bzyrc5yb4m22,0,1,0.0,LOAD TABLE CONVENTIONAL,,AUD$
akr7gjf83hm87,1120054736,0,,SELECT STATEMENT,,
akr7gjf83hm87,1120054736,1,0.0,TABLE ACCESS,BY INDEX ROWID BATCHED,OPT_FINDING_OBJ$
akr7gjf83hm87,1120054736,2,1.0,INDEX,RANGE SCAN,I_OPT_FINDING_OBJ_ID_OBJ_TYPE
7hj57uz99sm9k,4141019660,0,,SELECT STATEMENT,,
7hj57uz99sm9k,4141019660,1,0.0,TABLE ACCESS,CLUSTER,CLU$
7hj57uz99sm9k,4141019660,2,1.0,INDEX,UNIQUE SCAN,I_OBJ#
c1tm9zpz6cng9,2966798251,0,,SELECT STATEMENT,,
c1tm9zpz6cng9,2966798251,1,0.0,SORT,ORDER BY,
c1tm9zpz6cng9,2966798251,2,1.0,UNION-ALL,,
c1tm9zpz6cng9,2966798251,3,2.0,COUNT,STOPKEY,
c1tm9zpz6cng9,2966798251,4,3.0,VIEW,,DBA_OBJECTS
c1tm9zpz6cng9,2966798251,5,4.0,UNION-ALL,,
c1tm9zpz6cng9,2966798251,6,5.0,TABLE ACCESS,BY INDEX ROWID,SUM$
c1tm9zpz6cng9,2966798251,7,6.0,INDEX,UNIQUE SCAN,I_SUM$_1
c1tm9zpz6cng9,2966798251,8,5.0,FILTER,,
c1tm9zpz6cng9,2966798251,9,8.0,HASH JOIN,,
c1tm9zpz6cng9,2966798251,10,9.0,INDEX,FULL SCAN,I_USER2
c1tm9zpz6cng9,2966798251,11,9.0,NESTED LOOPS,,
c1tm9zpz6cng9,2966798251,12,11.0,NESTED LOOPS,,
c1tm9zpz6cng9,2966798251,13,12.0,INLIST ITERATOR,,
c1tm9zpz6cng9,2966798251,14,13.0,TABLE ACCESS,BY INDEX ROWID,USER$
c1tm9zpz6cng9,2966798251,15,14.0,INDEX,UNIQUE SCAN,I_USER1
c1tm9zpz6cng9,2966798251,16,12.0,INDEX,RANGE SCAN,I_OBJ5
c1tm9zpz6cng9,2966798251,17,11.0,TABLE ACCESS,BY INDEX ROWID,OBJ$
c1tm9zpz6cng9,2966798251,18,8.0,NESTED LOOPS,,
c1tm9zpz6cng9,2966798251,19,18.0,NESTED LOOPS,,
c1tm9zpz6cng9,2966798251,20,19.0,TABLE ACCESS,BY INDEX ROWID,IND$
c1tm9zpz6cng9,2966798251,21,20.0,INDEX,UNIQUE SCAN,I_IND1
c1tm9zpz6cng9,2966798251,22,19.0,TABLE ACCESS,CLUSTER,TAB$
c1tm9zpz6cng9,2966798251,23,18.0,INDEX,RANGE SCAN,I_OBJ1
c1tm9zpz6cng9,2966798251,24,8.0,TABLE ACCESS,CLUSTER,TAB$
c1tm9zpz6cng9,2966798251,25,24.0,INDEX,UNIQUE SCAN,I_OBJ#
c1tm9zpz6cng9,2966798251,26,8.0,TABLE ACCESS,BY INDEX ROWID,SEQ$
c1tm9zpz6cng9,2966798251,27,26.0,INDEX,UNIQUE SCAN,I_SEQ1
c1tm9zpz6cng9,2966798251,28,8.0,TABLE ACCESS,BY INDEX ROWID BATCHED,USER_EDITIONING$
c1tm9zpz6cng9,2966798251,29,28.0,INDEX,RANGE SCAN,I_USER_EDITIONING
c1tm9zpz6cng9,2966798251,30,8.0,TABLE ACCESS,BY INDEX ROWID BATCHED,USER_EDITIONING$
c1tm9zpz6cng9,2966798251,31,30.0,INDEX,RANGE SCAN,I_USER_EDITIONING
c1tm9zpz6cng9,2966798251,32,8.0,NESTED LOOPS,SEMI,
c1tm9zpz6cng9,2966798251,33,32.0,INDEX,SKIP SCAN,I_USER2
c1tm9zpz6cng9,2966798251,34,32.0,INDEX,RANGE SCAN,I_OBJ4
c1tm9zpz6cng9,2966798251,35,5.0,FILTER,,
c1tm9zpz6cng9,2966798251,36,35.0,NESTED LOOPS,,
c1tm9zpz6cng9,2966798251,37,36.0,INDEX,FULL SCAN,I_LINK1
c1tm9zpz6cng9,2966798251,38,36.0,TABLE ACCESS,CLUSTER,USER$
c1tm9zpz6cng9,2966798251,39,38.0,INDEX,UNIQUE SCAN,I_USER#
c1tm9zpz6cng9,2966798251,40,2.0,COUNT,STOPKEY,
c1tm9zpz6cng9,2966798251,41,40.0,NESTED LOOPS,,
c1tm9zpz6cng9,2966798251,42,41.0,HASH JOIN,,
c1tm9zpz6cng9,2966798251,43,42.0,NESTED LOOPS,,
c1tm9zpz6cng9,2966798251,44,43.0,STATISTICS COLLECTOR,,
c1tm9zpz6cng9,2966798251,45,44.0,HASH JOIN,,
c1tm9zpz6cng9,2966798251,46,45.0,NESTED LOOPS,,
c1tm9zpz6cng9,2966798251,47,46.0,STATISTICS COLLECTOR,,
c1tm9zpz6cng9,2966798251,48,47.0,HASH JOIN,OUTER,
c1tm9zpz6cng9,2966798251,49,48.0,NESTED LOOPS,OUTER,
c1tm9zpz6cng9,2966798251,50,49.0,STATISTICS COLLECTOR,,
c1tm9zpz6cng9,2966798251,51,50.0,HASH JOIN,,
c1tm9zpz6cng9,2966798251,52,51.0,HASH JOIN,,
c1tm9zpz6cng9,2966798251,53,52.0,NESTED LOOPS,,
c1tm9zpz6cng9,2966798251,54,53.0,NESTED LOOPS,,
c1tm9zpz6cng9,2966798251,55,54.0,STATISTICS COLLECTOR,,
c1tm9zpz6cng9,2966798251,56,55.0,HASH JOIN,OUTER,
c1tm9zpz6cng9,2966798251,57,56.0,MERGE JOIN,CARTESIAN,
c1tm9zpz6cng9,2966798251,58,57.0,TABLE ACCESS,FULL,PROFILE$
c1tm9zpz6cng9,2966798251,59,57.0,BUFFER,SORT,
c1tm9zpz6cng9,2966798251,60,59.0,TABLE ACCESS,FULL,USER$
c1tm9zpz6cng9,2966798251,61,56.0,TABLE ACCESS,FULL,RESOURCE_GROUP_MAPPING$
c1tm9zpz6cng9,2966798251,62,54.0,INDEX,RANGE SCAN,I_PROFILE
c1tm9zpz6cng9,2966798251,63,53.0,TABLE ACCESS,BY INDEX ROWID,PROFILE$
c1tm9zpz6cng9,2966798251,64,52.0,TABLE ACCESS,FULL,PROFILE$
c1tm9zpz6cng9,2966798251,65,51.0,TABLE ACCESS,FULL,PROFNAME$
c1tm9zpz6cng9,2966798251,66,49.0,TABLE ACCESS,CLUSTER,TS$
c1tm9zpz6cng9,2966798251,67,66.0,INDEX,UNIQUE SCAN,I_TS#
c1tm9zpz6cng9,2966798251,68,48.0,TABLE ACCESS,FULL,TS$
c1tm9zpz6cng9,2966798251,69,46.0,TABLE ACCESS,CLUSTER,TS$
c1tm9zpz6cng9,2966798251,70,69.0,INDEX,UNIQUE SCAN,I_TS#
c1tm9zpz6cng9,2966798251,71,45.0,TABLE ACCESS,FULL,TS$
c1tm9zpz6cng9,2966798251,72,43.0,TABLE ACCESS,CLUSTER,TS$
c1tm9zpz6cng9,2966798251,73,72.0,INDEX,UNIQUE SCAN,I_TS#
c1tm9zpz6cng9,2966798251,74,42.0,TABLE ACCESS,FULL,TS$
c1tm9zpz6cng9,2966798251,75,41.0,TABLE ACCESS,FULL,USER_ASTATUS_MAP
0hmxb5bddhph2,1671069832,0,,SELECT STATEMENT,,
0hmxb5bddhph2,1671069832,1,0.0,FILTER,,
0hmxb5bddhph2,1671069832,2,1.0,NESTED LOOPS,,
0hmxb5bddhph2,1671069832,3,2.0,NESTED LOOPS,,
0hmxb5bddhph2,1671069832,4,3.0,TABLE ACCESS,BY INDEX ROWID,SUPEROBJ$
0hmxb5bddhph2,1671069832,5,4.0,INDEX,UNIQUE SCAN,I_SUPEROBJ1
0hmxb5bddhph2,1671069832,6,3.0,TABLE ACCESS,BY INDEX ROWID BATCHED,OBJ$
0hmxb5bddhph2,1671069832,7,6.0,INDEX,RANGE SCAN,I_OBJ1
0hmxb5bddhph2,1671069832,8,2.0,INDEX,RANGE SCAN,I_USER2
0hmxb5bddhph2,1671069832,9,1.0,TABLE ACCESS,BY INDEX ROWID BATCHED,USER_EDITIONING$
0hmxb5bddhph2,1671069832,10,9.0,INDEX,RANGE SCAN,I_USER_EDITIONING
0hmxb5bddhph2,1671069832,11,1.0,TABLE ACCESS,BY INDEX ROWID BATCHED,USER_EDITIONING$
0hmxb5bddhph2,1671069832,12,11.0,INDEX,RANGE SCAN,I_USER_EDITIONING
0hmxb5bddhph2,1671069832,13,1.0,NESTED LOOPS,,
0hmxb5bddhph2,1671069832,14,13.0,INDEX,SKIP SCAN,I_USER2
0hmxb5bddhph2,1671069832,15,13.0,INDEX,RANGE SCAN,I_OBJ4
0hmxb5bddhph2,1671069832,16,0.0,FILTER,,
0hmxb5bddhph2,1671069832,17,16.0,NESTED LOOPS,OUTER,
0hmxb5bddhph2,1671069832,18,17.0,HASH JOIN,,
0hmxb5bddhph2,1671069832,19,18.0,NESTED LOOPS,,
0hmxb5bddhph2,1671069832,20,19.0,STATISTICS COLLECTOR,,
0hmxb5bddhph2,1671069832,21,20.0,HASH JOIN,,
0hmxb5bddhph2,1671069832,22,21.0,HASH JOIN,,
0hmxb5bddhph2,1671069832,23,22.0,NESTED LOOPS,,
0hmxb5bddhph2,1671069832,24,23.0,NESTED LOOPS,,
0hmxb5bddhph2,1671069832,25,24.0,STATISTICS COLLECTOR,,
0hmxb5bddhph2,1671069832,26,25.0,TABLE ACCESS,FULL,VIEW$
0hmxb5bddhph2,1671069832,27,24.0,INDEX,RANGE SCAN,I_OBJ1
0hmxb5bddhph2,1671069832,28,23.0,TABLE ACCESS,BY INDEX ROWID,OBJ$
0hmxb5bddhph2,1671069832,29,22.0,TABLE ACCESS,FULL,OBJ$
0hmxb5bddhph2,1671069832,30,21.0,INDEX,FULL SCAN,I_USER2
0hmxb5bddhph2,1671069832,31,19.0,TABLE ACCESS,CLUSTER,USER$
0hmxb5bddhph2,1671069832,32,31.0,INDEX,UNIQUE SCAN,I_USER#
0hmxb5bddhph2,1671069832,33,18.0,TABLE ACCESS,FULL,USER$
0hmxb5bddhph2,1671069832,34,17.0,TABLE ACCESS,BY INDEX ROWID,TYPED_VIEW$
0hmxb5bddhph2,1671069832,35,34.0,INDEX,UNIQUE SCAN,I_TYPED_VIEW1
0hmxb5bddhph2,1671069832,36,16.0,TABLE ACCESS,BY INDEX ROWID BATCHED,USER_EDITIONING$
0hmxb5bddhph2,1671069832,37,36.0,INDEX,RANGE SCAN,I_USER_EDITIONING
0hmxb5bddhph2,1671069832,38,16.0,TABLE ACCESS,BY INDEX ROWID BATCHED,USER_EDITIONING$
0hmxb5bddhph2,1671069832,39,38.0,INDEX,RANGE SCAN,I_USER_EDITIONING
0hmxb5bddhph2,1671069832,40,16.0,NESTED LOOPS,,
0hmxb5bddhph2,1671069832,41,40.0,INDEX,SKIP SCAN,I_USER2
0hmxb5bddhph2,1671069832,42,40.0,INDEX,RANGE SCAN,I_OBJ4
4aav4kp8w4pws,3846302241,0,,SELECT STATEMENT,,
4aav4kp8w4pws,3846302241,1,0.0,TABLE ACCESS,BY USER ROWID,PARTOBJ$
6qz82dptj0qr7,2819763574,0,,SELECT STATEMENT,,
6qz82dptj0qr7,2819763574,1,0.0,SORT,ORDER BY,
6qz82dptj0qr7,2819763574,2,1.0,TABLE ACCESS,CLUSTER,LOB$
6qz82dptj0qr7,2819763574,3,2.0,INDEX,UNIQUE SCAN,I_OBJ#
6qz82dptj0qr7,2819763574,0,,SELECT STATEMENT,,
6qz82dptj0qr7,2819763574,1,0.0,SORT,ORDER BY,
6qz82dptj0qr7,2819763574,2,1.0,TABLE ACCESS,CLUSTER,LOB$
6qz82dptj0qr7,2819763574,3,2.0,INDEX,UNIQUE SCAN,I_OBJ#
bzux1cg5t4qwp,3241033984,0,,SELECT STATEMENT,,
bzux1cg5t4qwp,3241033984,1,0.0,RESULT CACHE,,fvyrj9y7b3v1r5jw87jws2zfgr
bzux1cg5t4qwp,3241033984,2,1.0,FILTER,,
bzux1cg5t4qwp,3241033984,3,2.0,NESTED LOOPS,,
bzux1cg5t4qwp,3241033984,4,3.0,NESTED LOOPS,,
bzux1cg5t4qwp,3241033984,5,4.0,MERGE JOIN,CARTESIAN,
bzux1cg5t4qwp,3241033984,6,5.0,NESTED LOOPS,,
bzux1cg5t4qwp,3241033984,7,6.0,TABLE ACCESS,BY INDEX ROWID,USER$
bzux1cg5t4qwp,3241033984,8,7.0,INDEX,UNIQUE SCAN,I_USER1
bzux1cg5t4qwp,3241033984,9,6.0,TABLE ACCESS,FULL,SYN$
bzux1cg5t4qwp,3241033984,10,5.0,BUFFER,SORT,
bzux1cg5t4qwp,3241033984,11,10.0,INDEX,FULL SCAN,I_USER2
bzux1cg5t4qwp,3241033984,12,4.0,INDEX,UNIQUE SCAN,I_OBJ1
bzux1cg5t4qwp,3241033984,13,3.0,TABLE ACCESS,BY INDEX ROWID,OBJ$
bzux1cg5t4qwp,3241033984,14,2.0,TABLE ACCESS,BY INDEX ROWID BATCHED,USER_EDITIONING$
bzux1cg5t4qwp,3241033984,15,14.0,INDEX,RANGE SCAN,I_USER_EDITIONING
bzux1cg5t4qwp,3241033984,16,2.0,TABLE ACCESS,BY INDEX ROWID BATCHED,USER_EDITIONING$
bzux1cg5t4qwp,3241033984,17,16.0,INDEX,RANGE SCAN,I_USER_EDITIONING
bzux1cg5t4qwp,3241033984,18,2.0,NESTED LOOPS,SEMI,
bzux1cg5t4qwp,3241033984,19,18.0,INDEX,SKIP SCAN,I_USER2
bzux1cg5t4qwp,3241033984,20,18.0,INDEX,RANGE SCAN,I_OBJ4
3z6kck3n94qzq,3869398808,0,,SELECT STATEMENT,,
3z6kck3n94qzq,3869398808,1,0.0,SORT,ORDER BY,
3z6kck3n94qzq,3869398808,2,1.0,TABLE ACCESS,FULL,AUD$
5qddgxh3thrqt,4163253942,0,,SELECT STATEMENT,,
5qddgxh3thrqt,4163253942,1,0.0,TABLE ACCESS,FULL,USER$
cn6hhn36a4rrs,3845132125,0,,SELECT STATEMENT,,
cn6hhn36a4rrs,3845132125,1,0.0,TABLE ACCESS,BY INDEX ROWID BATCHED,CDEF$
cn6hhn36a4rrs,3845132125,2,1.0,INDEX,RANGE SCAN,I_CDEF3
cn6hhn36a4rrs,3845132125,0,,SELECT STATEMENT,,
cn6hhn36a4rrs,3845132125,1,0.0,TABLE ACCESS,BY INDEX ROWID BATCHED,CDEF$
cn6hhn36a4rrs,3845132125,2,1.0,INDEX,RANGE SCAN,I_CDEF3
4m7m0t6fjcs5x,1935744642,0,,UPDATE STATEMENT,,
4m7m0t6fjcs5x,1935744642,1,0.0,UPDATE,,SEQ$
4m7m0t6fjcs5x,1935744642,2,1.0,INDEX,UNIQUE SCAN,I_SEQ1
fs7h3cb49hs7s,120807157,0,,SELECT STATEMENT,,
fs7h3cb49hs7s,120807157,1,0.0,SORT,AGGREGATE,
fs7h3cb49hs7s,120807157,2,1.0,TABLE ACCESS,BY INDEX ROWID,STATS_ADVISOR_FILTER_OBJ$
fs7h3cb49hs7s,120807157,3,2.0,INDEX,RANGE SCAN,I_STATS_ADVISOR_FILTER_OBJ$
fs7h3cb49hs7s,120807157,0,,SELECT STATEMENT,,
fs7h3cb49hs7s,120807157,1,0.0,SORT,AGGREGATE,
fs7h3cb49hs7s,120807157,2,1.0,TABLE ACCESS,BY INDEX ROWID,STATS_ADVISOR_FILTER_OBJ$
fs7h3cb49hs7s,120807157,3,2.0,INDEX,RANGE SCAN,I_STATS_ADVISOR_FILTER_OBJ$
gb1xbyxa78s85,1805486652,0,,SELECT STATEMENT,,
gb1xbyxa78s85,1805486652,1,0.0,FIXED TABLE,FULL,X$NLS_PARAMETERS
8nqm25pvrcsgj,1020934263,0,,SELECT STATEMENT,,
8nqm25pvrcsgj,1020934263,1,0.0,RESULT CACHE,,8jnc0x08p7am88t1cytdggh3bc
8nqm25pvrcsgj,1020934263,2,1.0,VIEW,,INT$DBA_PROCEDURES
8nqm25pvrcsgj,1020934263,3,2.0,UNION-ALL,,
8nqm25pvrcsgj,1020934263,4,3.0,FILTER,,
8nqm25pvrcsgj,1020934263,5,4.0,NESTED LOOPS,OUTER,
8nqm25pvrcsgj,1020934263,6,5.0,NESTED LOOPS,OUTER,
8nqm25pvrcsgj,1020934263,7,6.0,HASH JOIN,,
8nqm25pvrcsgj,1020934263,8,7.0,HASH JOIN,,
8nqm25pvrcsgj,1020934263,9,8.0,NESTED LOOPS,,
8nqm25pvrcsgj,1020934263,10,9.0,STATISTICS COLLECTOR,,
8nqm25pvrcsgj,1020934263,11,10.0,HASH JOIN,,
8nqm25pvrcsgj,1020934263,12,11.0,NESTED LOOPS,,
8nqm25pvrcsgj,1020934263,13,12.0,STATISTICS COLLECTOR,,
8nqm25pvrcsgj,1020934263,14,13.0,INLIST ITERATOR,,
8nqm25pvrcsgj,1020934263,15,14.0,TABLE ACCESS,BY INDEX ROWID,USER$
8nqm25pvrcsgj,1020934263,16,15.0,INDEX,UNIQUE SCAN,I_USER1
8nqm25pvrcsgj,1020934263,17,12.0,TABLE ACCESS,BY INDEX ROWID BATCHED,OBJ$
8nqm25pvrcsgj,1020934263,18,17.0,INDEX,RANGE SCAN,I_OBJ5
8nqm25pvrcsgj,1020934263,19,11.0,TABLE ACCESS,FULL,OBJ$
8nqm25pvrcsgj,1020934263,20,9.0,INDEX,RANGE SCAN,I_USER2
8nqm25pvrcsgj,1020934263,21,8.0,INDEX,FULL SCAN,I_USER2
8nqm25pvrcsgj,1020934263,22,7.0,TABLE ACCESS,FULL,PROCEDUREINFO$
8nqm25pvrcsgj,1020934263,23,6.0,VIEW PUSHED PREDICATE,,_CURRENT_EDITION_OBJ
8nqm25pvrcsgj,1020934263,24,23.0,FILTER,,
8nqm25pvrcsgj,1020934263,25,24.0,NESTED LOOPS,,
8nqm25pvrcsgj,1020934263,26,25.0,TABLE ACCESS,BY INDEX ROWID BATCHED,OBJ$
8nqm25pvrcsgj,1020934263,27,26.0,INDEX,RANGE SCAN,I_OBJ1
8nqm25pvrcsgj,1020934263,28,25.0,INDEX,RANGE SCAN,I_USER2
8nqm25pvrcsgj,1020934263,29,24.0,TABLE ACCESS,BY INDEX ROWID BATCHED,USER_EDITIONING$
8nqm25pvrcsgj,1020934263,30,29.0,INDEX,RANGE SCAN,I_USER_EDITIONING
8nqm25pvrcsgj,1020934263,31,24.0,TABLE ACCESS,BY INDEX ROWID BATCHED,USER_EDITIONING$
8nqm25pvrcsgj,1020934263,32,31.0,INDEX,RANGE SCAN,I_USER_EDITIONING
8nqm25pvrcsgj,1020934263,33,24.0,NESTED LOOPS,SEMI,
8nqm25pvrcsgj,1020934263,34,33.0,INDEX,SKIP SCAN,I_USER2
8nqm25pvrcsgj,1020934263,35,33.0,INDEX,RANGE SCAN,I_OBJ4
8nqm25pvrcsgj,1020934263,36,5.0,INDEX,RANGE SCAN,I_USER2
8nqm25pvrcsgj,1020934263,37,4.0,TABLE ACCESS,BY INDEX ROWID BATCHED,USER_EDITIONING$
8nqm25pvrcsgj,1020934263,38,37.0,INDEX,RANGE SCAN,I_USER_EDITIONING
8nqm25pvrcsgj,1020934263,39,4.0,TABLE ACCESS,BY INDEX ROWID BATCHED,USER_EDITIONING$
8nqm25pvrcsgj,1020934263,40,39.0,INDEX,RANGE SCAN,I_USER_EDITIONING
8nqm25pvrcsgj,1020934263,41,4.0,NESTED LOOPS,SEMI,
8nqm25pvrcsgj,1020934263,42,41.0,INDEX,SKIP SCAN,I_USER2
8nqm25pvrcsgj,1020934263,43,41.0,INDEX,RANGE SCAN,I_OBJ4
8nqm25pvrcsgj,1020934263,44,3.0,FILTER,,
8nqm25pvrcsgj,1020934263,45,44.0,FILTER,,
8nqm25pvrcsgj,1020934263,46,45.0,HASH JOIN,OUTER,
8nqm25pvrcsgj,1020934263,47,46.0,HASH JOIN,,
8nqm25pvrcsgj,1020934263,48,47.0,NESTED LOOPS,,
8nqm25pvrcsgj,1020934263,49,48.0,STATISTICS COLLECTOR,,
8nqm25pvrcsgj,1020934263,50,49.0,HASH JOIN,,
8nqm25pvrcsgj,1020934263,51,50.0,NESTED LOOPS,,
8nqm25pvrcsgj,1020934263,52,51.0,STATISTICS COLLECTOR,,
8nqm25pvrcsgj,1020934263,53,52.0,INLIST ITERATOR,,
8nqm25pvrcsgj,1020934263,54,53.0,TABLE ACCESS,BY INDEX ROWID,USER$
8nqm25pvrcsgj,1020934263,55,54.0,INDEX,UNIQUE SCAN,I_USER1
8nqm25pvrcsgj,1020934263,56,51.0,TABLE ACCESS,BY INDEX ROWID BATCHED,OBJ$
8nqm25pvrcsgj,1020934263,57,56.0,INDEX,RANGE SCAN,I_OBJ5
8nqm25pvrcsgj,1020934263,58,50.0,TABLE ACCESS,FULL,OBJ$
8nqm25pvrcsgj,1020934263,59,48.0,INDEX,RANGE SCAN,I_USER2
8nqm25pvrcsgj,1020934263,60,47.0,INDEX,FULL SCAN,I_USER2
8nqm25pvrcsgj,1020934263,61,46.0,TABLE ACCESS,FULL,PROCEDUREINFO$
8nqm25pvrcsgj,1020934263,62,44.0,TABLE ACCESS,BY INDEX ROWID BATCHED,USER_EDITIONING$
8nqm25pvrcsgj,1020934263,63,62.0,INDEX,RANGE SCAN,I_USER_EDITIONING
8nqm25pvrcsgj,1020934263,64,44.0,TABLE ACCESS,BY INDEX ROWID BATCHED,USER_EDITIONING$
8nqm25pvrcsgj,1020934263,65,64.0,INDEX,RANGE SCAN,I_USER_EDITIONING
8nqm25pvrcsgj,1020934263,66,44.0,NESTED LOOPS,SEMI,
8nqm25pvrcsgj,1020934263,67,66.0,INDEX,SKIP SCAN,I_USER2
8nqm25pvrcsgj,1020934263,68,66.0,INDEX,RANGE SCAN,I_OBJ4
bku5fwd8bhsn6,2996261743,0,,SELECT STATEMENT,,
bku5fwd8bhsn6,2996261743,1,0.0,SORT,AGGREGATE,
bku5fwd8bhsn6,2996261743,2,1.0,COUNT,STOPKEY,
bku5fwd8bhsn6,2996261743,3,2.0,FILTER,,
bku5fwd8bhsn6,2996261743,4,3.0,NESTED LOOPS,OUTER,
bku5fwd8bhsn6,2996261743,5,4.0,TABLE ACCESS,FULL,WRI$_OPTSTAT_OPR
bku5fwd8bhsn6,2996261743,6,4.0,TABLE ACCESS,BY INDEX ROWID BATCHED,WRI$_OPTSTAT_OPR_TASKS
bku5fwd8bhsn6,2996261743,7,6.0,INDEX,RANGE SCAN,I_WRI$_OPTSTAT_OPR_TASKS_OPID
3b58h6abm8snh,845765675,0,,SELECT STATEMENT,,
3b58h6abm8snh,845765675,1,0.0,VIEW,,ALL_SYNONYMS
3b58h6abm8snh,845765675,2,1.0,SORT,UNIQUE,
3b58h6abm8snh,845765675,3,2.0,UNION-ALL,,
3b58h6abm8snh,845765675,4,3.0,FILTER,,
3b58h6abm8snh,845765675,5,4.0,PX COORDINATOR,,
3b58h6abm8snh,845765675,6,5.0,PX SEND,QC (RANDOM),:TQ20000
3b58h6abm8snh,845765675,7,6.0,PX PARTITION LIST,ALL,
3b58h6abm8snh,845765675,8,7.0,EXTENDED DATA LINK,FULL,INT$DBA_SYNONYMS
3b58h6abm8snh,845765675,9,4.0,FILTER,,
3b58h6abm8snh,845765675,10,9.0,FILTER,,
3b58h6abm8snh,845765675,11,10.0,NESTED LOOPS,,
3b58h6abm8snh,845765675,12,11.0,NESTED LOOPS,,
3b58h6abm8snh,845765675,13,12.0,NESTED LOOPS,,
3b58h6abm8snh,845765675,14,13.0,TABLE ACCESS,BY INDEX ROWID,USER$
3b58h6abm8snh,845765675,15,14.0,INDEX,UNIQUE SCAN,I_USER1
3b58h6abm8snh,845765675,16,13.0,TABLE ACCESS,BY INDEX ROWID BATCHED,OBJ$
3b58h6abm8snh,845765675,17,16.0,INDEX,RANGE SCAN,I_OBJ5
3b58h6abm8snh,845765675,18,12.0,INDEX,RANGE SCAN,I_USER2
3b58h6abm8snh,845765675,19,11.0,INDEX,RANGE SCAN,I_OBJAUTH1
3b58h6abm8snh,845765675,20,9.0,FIXED TABLE,FULL,X$KZSRO
3b58h6abm8snh,845765675,21,9.0,TABLE ACCESS,BY INDEX ROWID BATCHED,USER_EDITIONING$
3b58h6abm8snh,845765675,22,21.0,INDEX,RANGE SCAN,I_USER_EDITIONING
3b58h6abm8snh,845765675,23,9.0,TABLE ACCESS,BY INDEX ROWID BATCHED,USER_EDITIONING$
3b58h6abm8snh,845765675,24,23.0,INDEX,RANGE SCAN,I_USER_EDITIONING
3b58h6abm8snh,845765675,25,9.0,NESTED LOOPS,SEMI,
3b58h6abm8snh,845765675,26,25.0,INDEX,SKIP SCAN,I_USER2
3b58h6abm8snh,845765675,27,25.0,INDEX,RANGE SCAN,I_OBJ4
3b58h6abm8snh,845765675,28,3.0,VIEW,,_ALL_SYNONYMS_TREE
3b58h6abm8snh,845765675,29,28.0,CONNECT BY,WITHOUT FILTERING,
3b58h6abm8snh,845765675,30,29.0,PX COORDINATOR,,
3b58h6abm8snh,845765675,31,30.0,PX SEND,QC (RANDOM),:TQ50002
3b58h6abm8snh,845765675,32,31.0,HASH JOIN,RIGHT SEMI BUFFERED,
3b58h6abm8snh,845765675,33,32.0,BUFFER,SORT,
3b58h6abm8snh,845765675,34,33.0,PX RECEIVE,,
3b58h6abm8snh,845765675,35,34.0,PX SEND,HYBRID HASH,:TQ50000
3b58h6abm8snh,845765675,36,35.0,STATISTICS COLLECTOR,,
3b58h6abm8snh,845765675,37,36.0,VIEW,,VW_SQ_1
3b58h6abm8snh,845765675,38,37.0,FILTER,,
3b58h6abm8snh,845765675,39,38.0,PX COORDINATOR,,
3b58h6abm8snh,845765675,40,39.0,PX SEND,QC (RANDOM),:TQ30000
3b58h6abm8snh,845765675,41,40.0,PX PARTITION LIST,ALL,
3b58h6abm8snh,845765675,42,41.0,EXTENDED DATA LINK,FULL,_INT$_ALL_SYNONYMS_FOR_AO
3b58h6abm8snh,845765675,43,38.0,FILTER,,
3b58h6abm8snh,845765675,44,43.0,NESTED LOOPS,,
3b58h6abm8snh,845765675,45,44.0,NESTED LOOPS,,
3b58h6abm8snh,845765675,46,45.0,NESTED LOOPS,,
3b58h6abm8snh,845765675,47,46.0,TABLE ACCESS,BY INDEX ROWID,USER$
3b58h6abm8snh,845765675,48,47.0,INDEX,UNIQUE SCAN,I_USER1
3b58h6abm8snh,845765675,49,46.0,TABLE ACCESS,BY INDEX ROWID BATCHED,OBJ$
3b58h6abm8snh,845765675,50,49.0,INDEX,RANGE SCAN,I_OBJ5
3b58h6abm8snh,845765675,51,45.0,INDEX,RANGE SCAN,I_USER2
3b58h6abm8snh,845765675,52,44.0,INDEX,RANGE SCAN,I_OBJAUTH1
3b58h6abm8snh,845765675,53,43.0,FIXED TABLE,FULL,X$KZSRO
3b58h6abm8snh,845765675,54,43.0,TABLE ACCESS,BY INDEX ROWID BATCHED,USER_EDITIONING$
3b58h6abm8snh,845765675,55,54.0,INDEX,RANGE SCAN,I_USER_EDITIONING
3b58h6abm8snh,845765675,56,43.0,TABLE ACCESS,BY INDEX ROWID BATCHED,USER_EDITIONING$
3b58h6abm8snh,845765675,57,56.0,INDEX,RANGE SCAN,I_USER_EDITIONING
3b58h6abm8snh,845765675,58,43.0,NESTED LOOPS,SEMI,
3b58h6abm8snh,845765675,59,58.0,INDEX,SKIP SCAN,I_USER2
3b58h6abm8snh,845765675,60,58.0,INDEX,RANGE SCAN,I_OBJ4
3b58h6abm8snh,845765675,61,32.0,PX RECEIVE,,
3b58h6abm8snh,845765675,62,61.0,PX SEND,HYBRID HASH,:TQ50001
3b58h6abm8snh,845765675,63,62.0,PX PARTITION LIST,ALL,
3b58h6abm8snh,845765675,64,63.0,EXTENDED DATA LINK,FULL,_INT$_ALL_SYNONYMS_FOR_SYN
3b58h6abm8snh,845765675,65,29.0,PX COORDINATOR,,
3b58h6abm8snh,845765675,66,65.0,PX SEND,QC (RANDOM),:TQ40000
3b58h6abm8snh,845765675,67,66.0,PX PARTITION LIST,ALL,
3b58h6abm8snh,845765675,68,67.0,EXTENDED DATA LINK,FULL,_INT$_ALL_SYNONYMS_FOR_SYN
3b58h6abm8snh,845765675,0,,SELECT STATEMENT,,
3b58h6abm8snh,845765675,1,0.0,VIEW,,ALL_SYNONYMS
3b58h6abm8snh,845765675,2,1.0,SORT,UNIQUE,
3b58h6abm8snh,845765675,3,2.0,UNION-ALL,,
3b58h6abm8snh,845765675,4,3.0,FILTER,,
3b58h6abm8snh,845765675,5,4.0,PX COORDINATOR,,
3b58h6abm8snh,845765675,6,5.0,PX SEND,QC (RANDOM),:TQ20000
3b58h6abm8snh,845765675,7,6.0,PX PARTITION LIST,ALL,
3b58h6abm8snh,845765675,8,7.0,EXTENDED DATA LINK,FULL,INT$DBA_SYNONYMS
3b58h6abm8snh,845765675,9,4.0,FILTER,,
3b58h6abm8snh,845765675,10,9.0,FILTER,,
3b58h6abm8snh,845765675,11,10.0,NESTED LOOPS,,
3b58h6abm8snh,845765675,12,11.0,NESTED LOOPS,,
3b58h6abm8snh,845765675,13,12.0,NESTED LOOPS,,
3b58h6abm8snh,845765675,14,13.0,TABLE ACCESS,BY INDEX ROWID,USER$
3b58h6abm8snh,845765675,15,14.0,INDEX,UNIQUE SCAN,I_USER1
3b58h6abm8snh,845765675,16,13.0,TABLE ACCESS,BY INDEX ROWID BATCHED,OBJ$
3b58h6abm8snh,845765675,17,16.0,INDEX,RANGE SCAN,I_OBJ5
3b58h6abm8snh,845765675,18,12.0,INDEX,RANGE SCAN,I_USER2
3b58h6abm8snh,845765675,19,11.0,INDEX,RANGE SCAN,I_OBJAUTH1
3b58h6abm8snh,845765675,20,9.0,FIXED TABLE,FULL,X$KZSRO
3b58h6abm8snh,845765675,21,9.0,TABLE ACCESS,BY INDEX ROWID BATCHED,USER_EDITIONING$
3b58h6abm8snh,845765675,22,21.0,INDEX,RANGE SCAN,I_USER_EDITIONING
3b58h6abm8snh,845765675,23,9.0,TABLE ACCESS,BY INDEX ROWID BATCHED,USER_EDITIONING$
3b58h6abm8snh,845765675,24,23.0,INDEX,RANGE SCAN,I_USER_EDITIONING
3b58h6abm8snh,845765675,25,9.0,NESTED LOOPS,SEMI,
3b58h6abm8snh,845765675,26,25.0,INDEX,SKIP SCAN,I_USER2
3b58h6abm8snh,845765675,27,25.0,INDEX,RANGE SCAN,I_OBJ4
3b58h6abm8snh,845765675,28,3.0,VIEW,,_ALL_SYNONYMS_TREE
3b58h6abm8snh,845765675,29,28.0,CONNECT BY,WITHOUT FILTERING,
3b58h6abm8snh,845765675,30,29.0,PX COORDINATOR,,
3b58h6abm8snh,845765675,31,30.0,PX SEND,QC (RANDOM),:TQ50002
3b58h6abm8snh,845765675,32,31.0,HASH JOIN,RIGHT SEMI BUFFERED,
3b58h6abm8snh,845765675,33,32.0,BUFFER,SORT,
3b58h6abm8snh,845765675,34,33.0,PX RECEIVE,,
3b58h6abm8snh,845765675,35,34.0,PX SEND,HYBRID HASH,:TQ50000
3b58h6abm8snh,845765675,36,35.0,STATISTICS COLLECTOR,,
3b58h6abm8snh,845765675,37,36.0,VIEW,,VW_SQ_1
3b58h6abm8snh,845765675,38,37.0,FILTER,,
3b58h6abm8snh,845765675,39,38.0,PX COORDINATOR,,
3b58h6abm8snh,845765675,40,39.0,PX SEND,QC (RANDOM),:TQ30000
3b58h6abm8snh,845765675,41,40.0,PX PARTITION LIST,ALL,
3b58h6abm8snh,845765675,42,41.0,EXTENDED DATA LINK,FULL,_INT$_ALL_SYNONYMS_FOR_AO
3b58h6abm8snh,845765675,43,38.0,FILTER,,
3b58h6abm8snh,845765675,44,43.0,NESTED LOOPS,,
3b58h6abm8snh,845765675,45,44.0,NESTED LOOPS,,
3b58h6abm8snh,845765675,46,45.0,NESTED LOOPS,,
3b58h6abm8snh,845765675,47,46.0,TABLE ACCESS,BY INDEX ROWID,USER$
3b58h6abm8snh,845765675,48,47.0,INDEX,UNIQUE SCAN,I_USER1
3b58h6abm8snh,845765675,49,46.0,TABLE ACCESS,BY INDEX ROWID BATCHED,OBJ$
3b58h6abm8snh,845765675,50,49.0,INDEX,RANGE SCAN,I_OBJ5
3b58h6abm8snh,845765675,51,45.0,INDEX,RANGE SCAN,I_USER2
3b58h6abm8snh,845765675,52,44.0,INDEX,RANGE SCAN,I_OBJAUTH1
3b58h6abm8snh,845765675,53,43.0,FIXED TABLE,FULL,X$KZSRO
3b58h6abm8snh,845765675,54,43.0,TABLE ACCESS,BY INDEX ROWID BATCHED,USER_EDITIONING$
3b58h6abm8snh,845765675,55,54.0,INDEX,RANGE SCAN,I_USER_EDITIONING
3b58h6abm8snh,845765675,56,43.0,TABLE ACCESS,BY INDEX ROWID BATCHED,USER_EDITIONING$
3b58h6abm8snh,845765675,57,56.0,INDEX,RANGE SCAN,I_USER_EDITIONING
3b58h6abm8snh,845765675,58,43.0,NESTED LOOPS,SEMI,
3b58h6abm8snh,845765675,59,58.0,INDEX,SKIP SCAN,I_USER2
3b58h6abm8snh,845765675,60,58.0,INDEX,RANGE SCAN,I_OBJ4
3b58h6abm8snh,845765675,61,32.0,PX RECEIVE,,
3b58h6abm8snh,845765675,62,61.0,PX SEND,HYBRID HASH,:TQ50001
3b58h6abm8snh,845765675,63,62.0,PX PARTITION LIST,ALL,
3b58h6abm8snh,845765675,64,63.0,EXTENDED DATA LINK,FULL,_INT$_ALL_SYNONYMS_FOR_SYN
3b58h6abm8snh,845765675,65,29.0,PX COORDINATOR,,
3b58h6abm8snh,845765675,66,65.0,PX SEND,QC (RANDOM),:TQ40000
3b58h6abm8snh,845765675,67,66.0,PX PARTITION LIST,ALL,
3b58h6abm8snh,845765675,68,67.0,EXTENDED DATA LINK,FULL,_INT$_ALL_SYNONYMS_FOR_SYN
9zg9qd9bm4spu,2447725225,0,,UPDATE STATEMENT,,
9zg9qd9bm4spu,2447725225,1,0.0,UPDATE,,USER$
9zg9qd9bm4spu,2447725225,2,1.0,TABLE ACCESS,CLUSTER,USER$
9zg9qd9bm4spu,2447725225,3,2.0,INDEX,UNIQUE SCAN,I_USER#
9zg9qd9bm4spu,2447725225,0,,UPDATE STATEMENT,,
9zg9qd9bm4spu,2447725225,1,0.0,UPDATE,,USER$
9zg9qd9bm4spu,2447725225,2,1.0,TABLE ACCESS,CLUSTER,USER$
9zg9qd9bm4spu,2447725225,3,2.0,INDEX,UNIQUE SCAN,I_USER#
8nwsztmf3wt4w,3290949889,0,,SELECT STATEMENT,,
8nwsztmf3wt4w,3290949889,1,0.0,SORT,GROUP BY,
8nwsztmf3wt4w,3290949889,2,1.0,TABLE ACCESS,BY INDEX ROWID BATCHED,OBJAUTH$
8nwsztmf3wt4w,3290949889,3,2.0,INDEX,RANGE SCAN,I_OBJAUTH2
f3g84j69n0tjh,914792125,0,,SELECT STATEMENT,,
f3g84j69n0tjh,914792125,1,0.0,SORT,ORDER BY,
f3g84j69n0tjh,914792125,2,1.0,TABLE ACCESS,CLUSTER,NTAB$
f3g84j69n0tjh,914792125,3,2.0,INDEX,UNIQUE SCAN,I_OBJ#
gaf3ymhaj4uv4,3305425530,0,,SELECT STATEMENT,,
gaf3ymhaj4uv4,3305425530,1,0.0,FIXED TABLE,FULL,X$KTCXB
dxzvvpyvwsv1b,1553076175,0,,SELECT STATEMENT,,
dxzvvpyvwsv1b,1553076175,1,0.0,SORT,AGGREGATE,
dxzvvpyvwsv1b,1553076175,2,1.0,FILTER,,
dxzvvpyvwsv1b,1553076175,3,2.0,HASH JOIN,,
dxzvvpyvwsv1b,1553076175,4,3.0,NESTED LOOPS,,
dxzvvpyvwsv1b,1553076175,5,4.0,STATISTICS COLLECTOR,,
dxzvvpyvwsv1b,1553076175,6,5.0,NESTED LOOPS,,
dxzvvpyvwsv1b,1553076175,7,6.0,NESTED LOOPS,,
dxzvvpyvwsv1b,1553076175,8,7.0,TABLE ACCESS,BY INDEX ROWID,USER$
dxzvvpyvwsv1b,1553076175,9,8.0,INDEX,UNIQUE SCAN,I_USER1
dxzvvpyvwsv1b,1553076175,10,7.0,TABLE ACCESS,BY INDEX ROWID BATCHED,OBJ$
dxzvvpyvwsv1b,1553076175,11,10.0,INDEX,RANGE SCAN,I_OBJ5
dxzvvpyvwsv1b,1553076175,12,6.0,INDEX,UNIQUE SCAN,I_VIEW1
dxzvvpyvwsv1b,1553076175,13,4.0,INDEX,RANGE SCAN,I_USER2
dxzvvpyvwsv1b,1553076175,14,3.0,INDEX,FULL SCAN,I_USER2
dxzvvpyvwsv1b,1553076175,15,2.0,TABLE ACCESS,BY INDEX ROWID BATCHED,USER_EDITIONING$
dxzvvpyvwsv1b,1553076175,16,15.0,INDEX,RANGE SCAN,I_USER_EDITIONING
dxzvvpyvwsv1b,1553076175,17,2.0,TABLE ACCESS,BY INDEX ROWID BATCHED,USER_EDITIONING$
dxzvvpyvwsv1b,1553076175,18,17.0,INDEX,RANGE SCAN,I_USER_EDITIONING
dxzvvpyvwsv1b,1553076175,19,2.0,NESTED LOOPS,SEMI,
dxzvvpyvwsv1b,1553076175,20,19.0,INDEX,SKIP SCAN,I_USER2
dxzvvpyvwsv1b,1553076175,21,19.0,INDEX,RANGE SCAN,I_OBJ4
9kamw54b0nvy3,3485437675,0,,SELECT STATEMENT,,
9kamw54b0nvy3,3485437675,1,0.0,SORT,ORDER BY,
9kamw54b0nvy3,3485437675,2,1.0,COUNT,STOPKEY,
9kamw54b0nvy3,3485437675,3,2.0,FILTER,,
9kamw54b0nvy3,3485437675,4,3.0,HASH JOIN,OUTER,
9kamw54b0nvy3,3485437675,5,4.0,NESTED LOOPS,OUTER,
9kamw54b0nvy3,3485437675,6,5.0,STATISTICS COLLECTOR,,
9kamw54b0nvy3,3485437675,7,6.0,HASH JOIN,,
9kamw54b0nvy3,3485437675,8,7.0,NESTED LOOPS,,
9kamw54b0nvy3,3485437675,9,8.0,STATISTICS COLLECTOR,,
9kamw54b0nvy3,3485437675,10,9.0,HASH JOIN,OUTER,
9kamw54b0nvy3,3485437675,11,10.0,NESTED LOOPS,OUTER,
9kamw54b0nvy3,3485437675,12,11.0,STATISTICS COLLECTOR,,
9kamw54b0nvy3,3485437675,13,12.0,HASH JOIN,OUTER,
9kamw54b0nvy3,3485437675,14,13.0,NESTED LOOPS,OUTER,
9kamw54b0nvy3,3485437675,15,14.0,STATISTICS COLLECTOR,,
9kamw54b0nvy3,3485437675,16,15.0,HASH JOIN,OUTER,
9kamw54b0nvy3,3485437675,17,16.0,NESTED LOOPS,OUTER,
9kamw54b0nvy3,3485437675,18,17.0,STATISTICS COLLECTOR,,
9kamw54b0nvy3,3485437675,19,18.0,HASH JOIN,OUTER,
9kamw54b0nvy3,3485437675,20,19.0,NESTED LOOPS,OUTER,
9kamw54b0nvy3,3485437675,21,20.0,STATISTICS COLLECTOR,,
9kamw54b0nvy3,3485437675,22,21.0,NESTED LOOPS,,
9kamw54b0nvy3,3485437675,23,22.0,NESTED LOOPS,,
9kamw54b0nvy3,3485437675,24,23.0,TABLE ACCESS,BY INDEX ROWID,USER$
9kamw54b0nvy3,3485437675,25,24.0,INDEX,UNIQUE SCAN,I_USER1
9kamw54b0nvy3,3485437675,26,23.0,TABLE ACCESS,BY INDEX ROWID BATCHED,OBJ$
9kamw54b0nvy3,3485437675,27,26.0,INDEX,RANGE SCAN,I_OBJ5
9kamw54b0nvy3,3485437675,28,22.0,TABLE ACCESS,CLUSTER,COL$
9kamw54b0nvy3,3485437675,29,28.0,INDEX,UNIQUE SCAN,I_OBJ#
9kamw54b0nvy3,3485437675,30,20.0,TABLE ACCESS,CLUSTER,TAB$
9kamw54b0nvy3,3485437675,31,30.0,INDEX,UNIQUE SCAN,I_OBJ#
9kamw54b0nvy3,3485437675,32,19.0,TABLE ACCESS,FULL,TAB$
9kamw54b0nvy3,3485437675,33,17.0,TABLE ACCESS,CLUSTER,COLTYPE$
9kamw54b0nvy3,3485437675,34,16.0,TABLE ACCESS,BY INDEX ROWID BATCHED,COLTYPE$
9kamw54b0nvy3,3485437675,35,34.0,INDEX,FULL SCAN,I_COLTYPE2
9kamw54b0nvy3,3485437675,36,14.0,TABLE ACCESS,BY INDEX ROWID BATCHED,OBJ$
9kamw54b0nvy3,3485437675,37,36.0,INDEX,RANGE SCAN,I_OBJ3
9kamw54b0nvy3,3485437675,38,13.0,TABLE ACCESS,BY INDEX ROWID BATCHED,OBJ$
9kamw54b0nvy3,3485437675,39,38.0,INDEX,SKIP SCAN,I_OBJ1
9kamw54b0nvy3,3485437675,40,11.0,INDEX,RANGE SCAN,I_HH_OBJ#_INTCOL#
9kamw54b0nvy3,3485437675,41,10.0,INDEX,FAST FULL SCAN,I_HH_OBJ#_INTCOL#
9kamw54b0nvy3,3485437675,42,8.0,INDEX,RANGE SCAN,I_USER2
9kamw54b0nvy3,3485437675,43,7.0,INDEX,FULL SCAN,I_USER2
9kamw54b0nvy3,3485437675,44,5.0,INDEX,RANGE SCAN,I_USER2
9kamw54b0nvy3,3485437675,45,4.0,INDEX,FULL SCAN,I_USER2
9kamw54b0nvy3,3485437675,46,3.0,TABLE ACCESS,CLUSTER,TAB$
9kamw54b0nvy3,3485437675,47,46.0,INDEX,UNIQUE SCAN,I_OBJ#
9kamw54b0nvy3,3485437675,48,3.0,TABLE ACCESS,BY INDEX ROWID BATCHED,USER_EDITIONING$
9kamw54b0nvy3,3485437675,49,48.0,INDEX,RANGE SCAN,I_USER_EDITIONING
9kamw54b0nvy3,3485437675,50,3.0,TABLE ACCESS,BY INDEX ROWID BATCHED,USER_EDITIONING$
9kamw54b0nvy3,3485437675,51,50.0,INDEX,RANGE SCAN,I_USER_EDITIONING
9kamw54b0nvy3,3485437675,52,3.0,NESTED LOOPS,SEMI,
9kamw54b0nvy3,3485437675,53,52.0,INDEX,SKIP SCAN,I_USER2
9kamw54b0nvy3,3485437675,54,52.0,INDEX,RANGE SCAN,I_OBJ4
3dbzmtf9ahvzt,3238164414,0,,MERGE STATEMENT,,
3dbzmtf9ahvzt,3238164414,1,0.0,MERGE,,MON_MODS_ALL$
3dbzmtf9ahvzt,3238164414,2,1.0,VIEW,,
3dbzmtf9ahvzt,3238164414,3,2.0,NESTED LOOPS,OUTER,
3dbzmtf9ahvzt,3238164414,4,3.0,TABLE ACCESS,FULL,DUAL
3dbzmtf9ahvzt,3238164414,5,3.0,VIEW,,VW_LAT_A18161FF
3dbzmtf9ahvzt,3238164414,6,5.0,FILTER,,
3dbzmtf9ahvzt,3238164414,7,6.0,TABLE ACCESS,BY INDEX ROWID,MON_MODS_ALL$
3dbzmtf9ahvzt,3238164414,8,7.0,INDEX,UNIQUE SCAN,I_MON_MODS_ALL$_OBJ
3dbzmtf9ahvzt,3238164414,9,6.0,UNION-ALL,,
3dbzmtf9ahvzt,3238164414,10,9.0,FILTER,,
3dbzmtf9ahvzt,3238164414,11,10.0,TABLE ACCESS,BY INDEX ROWID,TABPART$
3dbzmtf9ahvzt,3238164414,12,11.0,INDEX,UNIQUE SCAN,I_TABPART_OBJ$
3dbzmtf9ahvzt,3238164414,13,9.0,FILTER,,
3dbzmtf9ahvzt,3238164414,14,13.0,TABLE ACCESS,BY INDEX ROWID,TABCOMPART$
3dbzmtf9ahvzt,3238164414,15,14.0,INDEX,UNIQUE SCAN,I_TABCOMPART$
3dbzmtf9ahvzt,3238164414,16,9.0,FILTER,,
3dbzmtf9ahvzt,3238164414,17,16.0,NESTED LOOPS,,
3dbzmtf9ahvzt,3238164414,18,17.0,TABLE ACCESS,BY INDEX ROWID,TABSUBPART$
3dbzmtf9ahvzt,3238164414,19,18.0,INDEX,UNIQUE SCAN,I_TABSUBPART$_OBJ$
3dbzmtf9ahvzt,3238164414,20,17.0,TABLE ACCESS,BY INDEX ROWID,TABCOMPART$
3dbzmtf9ahvzt,3238164414,21,20.0,INDEX,UNIQUE SCAN,I_TABCOMPART$
5j98bb4cuswt0,2762236736,0,,SELECT STATEMENT,,
5j98bb4cuswt0,2762236736,1,0.0,TABLE ACCESS,BY INDEX ROWID,OPT_FINDING$
5j98bb4cuswt0,2762236736,2,1.0,INDEX,UNIQUE SCAN,I_OPT_FINDING_F_ID
7am4w4pp3nwtm,1305802079,0,,SELECT STATEMENT,,
7am4w4pp3nwtm,1305802079,1,0.0,SORT,AGGREGATE,
7am4w4pp3nwtm,1305802079,2,1.0,INDEX,FULL SCAN,I_UNDO1
0qv27wt724y7s,1605586508,0,,SELECT STATEMENT,,
0qv27wt724y7s,1605586508,1,0.0,MERGE JOIN,OUTER,
0qv27wt724y7s,1605586508,2,1.0,HASH JOIN,OUTER,
0qv27wt724y7s,1605586508,3,2.0,NESTED LOOPS,OUTER,
0qv27wt724y7s,1605586508,4,3.0,NESTED LOOPS,OUTER,
0qv27wt724y7s,1605586508,5,4.0,FILTER,,
0qv27wt724y7s,1605586508,6,5.0,MERGE JOIN,OUTER,
0qv27wt724y7s,1605586508,7,6.0,TABLE ACCESS,BY INDEX ROWID,SCHEDULER$_LIGHTWEIGHT_JOB
0qv27wt724y7s,1605586508,8,7.0,INDEX,FULL SCAN,SCHEDULER$_LWJOB_PK
0qv27wt724y7s,1605586508,9,6.0,SORT,JOIN,
0qv27wt724y7s,1605586508,10,9.0,VIEW,,
0qv27wt724y7s,1605586508,11,10.0,FIXED TABLE,FULL,X$JSKMIMRT
0qv27wt724y7s,1605586508,12,4.0,TABLE ACCESS,BY INDEX ROWID,SCHEDULER$_CLASS
0qv27wt724y7s,1605586508,13,12.0,INDEX,UNIQUE SCAN,SCHEDULER$_CLASS_PK
0qv27wt724y7s,1605586508,14,3.0,TABLE ACCESS,BY INDEX ROWID,SCHEDULER$_JOB
0qv27wt724y7s,1605586508,15,14.0,INDEX,UNIQUE SCAN,SCHEDULER$_JOB_PK
0qv27wt724y7s,1605586508,16,2.0,TABLE ACCESS,FULL,SERVICE$
0qv27wt724y7s,1605586508,17,1.0,BUFFER,SORT,
0qv27wt724y7s,1605586508,18,17.0,VIEW,,VW_LAT_B8C7222D
0qv27wt724y7s,1605586508,19,18.0,VIEW,,VW_ORE_4CF31DA3
0qv27wt724y7s,1605586508,20,19.0,UNION-ALL,,
0qv27wt724y7s,1605586508,21,20.0,TABLE ACCESS,BY INDEX ROWID,SCHEDULER$_PROGRAM
0qv27wt724y7s,1605586508,22,21.0,INDEX,UNIQUE SCAN,SCHEDULER$_PROGRAM_PK
0qv27wt724y7s,1605586508,23,20.0,FILTER,,
0qv27wt724y7s,1605586508,24,23.0,TABLE ACCESS,BY INDEX ROWID,SCHEDULER$_PROGRAM
0qv27wt724y7s,1605586508,25,24.0,INDEX,UNIQUE SCAN,SCHEDULER$_PROGRAM_PK
b13g21mgg8y98,2742874602,0,,INSERT STATEMENT,,
b13g21mgg8y98,2742874602,1,0.0,LOAD TABLE CONVENTIONAL,,OPTSTAT_SNAPSHOT$
b13g21mgg8y98,2742874602,2,1.0,COUNT,,
b13g21mgg8y98,2742874602,3,2.0,FILTER,,
b13g21mgg8y98,2742874602,4,3.0,HASH JOIN,OUTER,
b13g21mgg8y98,2742874602,5,4.0,HASH JOIN,OUTER,
b13g21mgg8y98,2742874602,6,5.0,TABLE ACCESS,FULL,MON_MODS_ALL$
b13g21mgg8y98,2742874602,7,5.0,VIEW,,
b13g21mgg8y98,2742874602,8,7.0,SORT,GROUP BY,
b13g21mgg8y98,2742874602,9,8.0,HASH JOIN,,
b13g21mgg8y98,2742874602,10,9.0,VIEW,,
b13g21mgg8y98,2742874602,11,10.0,SORT,GROUP BY,
b13g21mgg8y98,2742874602,12,11.0,TABLE ACCESS,FULL,OPTSTAT_SNAPSHOT$
b13g21mgg8y98,2742874602,13,9.0,TABLE ACCESS,FULL,OPTSTAT_SNAPSHOT$
b13g21mgg8y98,2742874602,14,4.0,TABLE ACCESS,BY INDEX ROWID BATCHED,OPTSTAT_USER_PREFS$
b13g21mgg8y98,2742874602,15,14.0,INDEX,SKIP SCAN,I_USER_PREFS$
f705bwx3q0ydq,3322223638,0,,SELECT STATEMENT,,
f705bwx3q0ydq,3322223638,1,0.0,SORT,AGGREGATE,
f705bwx3q0ydq,3322223638,2,1.0,FILTER,,
f705bwx3q0ydq,3322223638,3,2.0,HASH JOIN,,
f705bwx3q0ydq,3322223638,4,3.0,JOIN FILTER,CREATE,:BF0000
f705bwx3q0ydq,3322223638,5,4.0,HASH JOIN,,
f705bwx3q0ydq,3322223638,6,5.0,SORT,AGGREGATE,
f705bwx3q0ydq,3322223638,7,6.0,VIEW,,
f705bwx3q0ydq,3322223638,8,7.0,TABLE ACCESS,FULL,SYS_TEMP_0FD9D6620_170FB3
f705bwx3q0ydq,3322223638,9,5.0,VIEW,,
f705bwx3q0ydq,3322223638,10,9.0,TEMP TABLE TRANSFORMATION,,
f705bwx3q0ydq,3322223638,11,10.0,LOAD AS SELECT,(CURSOR DURATION MEMORY),SYS_TEMP_0FD9D6620_170FB3
f705bwx3q0ydq,3322223638,12,11.0,NESTED LOOPS,,
f705bwx3q0ydq,3322223638,13,12.0,NESTED LOOPS,,
f705bwx3q0ydq,3322223638,14,13.0,NESTED LOOPS,,
f705bwx3q0ydq,3322223638,15,14.0,HASH JOIN,,
f705bwx3q0ydq,3322223638,16,15.0,HASH JOIN,,
f705bwx3q0ydq,3322223638,17,16.0,NESTED LOOPS,,
f705bwx3q0ydq,3322223638,18,17.0,NESTED LOOPS,,
f705bwx3q0ydq,3322223638,19,18.0,INDEX,FULL SCAN,SCHEDULER$_WINGRP_MEMBER_UQ
f705bwx3q0ydq,3322223638,20,18.0,INDEX,RANGE SCAN,I_OBJ1
f705bwx3q0ydq,3322223638,21,17.0,TABLE ACCESS,BY INDEX ROWID,OBJ$
f705bwx3q0ydq,3322223638,22,16.0,FIXED TABLE,FULL,X$KETCL
f705bwx3q0ydq,3322223638,23,15.0,TABLE ACCESS,BY INDEX ROWID BATCHED,KET$_CLIENT_CONFIG
f705bwx3q0ydq,3322223638,24,23.0,INDEX,RANGE SCAN,KET$_CL_PK
f705bwx3q0ydq,3322223638,25,14.0,TABLE ACCESS,BY INDEX ROWID,SCHEDULER$_WINDOW_GROUP
f705bwx3q0ydq,3322223638,26,25.0,INDEX,UNIQUE SCAN,SCHEDULER$_WINDOW_GROUP_PK
f705bwx3q0ydq,3322223638,27,13.0,INDEX,RANGE SCAN,I_OBJ1
f705bwx3q0ydq,3322223638,28,12.0,TABLE ACCESS,BY INDEX ROWID,OBJ$
f705bwx3q0ydq,3322223638,29,10.0,HASH JOIN,,
f705bwx3q0ydq,3322223638,30,29.0,NESTED LOOPS,,
f705bwx3q0ydq,3322223638,31,30.0,NESTED LOOPS,,
f705bwx3q0ydq,3322223638,32,31.0,STATISTICS COLLECTOR,,
f705bwx3q0ydq,3322223638,33,32.0,HASH JOIN,,
f705bwx3q0ydq,3322223638,34,33.0,NESTED LOOPS,,
f705bwx3q0ydq,3322223638,35,34.0,STATISTICS COLLECTOR,,
f705bwx3q0ydq,3322223638,36,35.0,HASH JOIN,,
f705bwx3q0ydq,3322223638,37,36.0,NESTED LOOPS,,
f705bwx3q0ydq,3322223638,38,37.0,STATISTICS COLLECTOR,,
f705bwx3q0ydq,3322223638,39,38.0,MERGE JOIN,CARTESIAN,
f705bwx3q0ydq,3322223638,40,39.0,HASH JOIN,,
f705bwx3q0ydq,3322223638,41,40.0,NESTED LOOPS,,
f705bwx3q0ydq,3322223638,42,41.0,NESTED LOOPS,,
f705bwx3q0ydq,3322223638,43,42.0,STATISTICS COLLECTOR,,
f705bwx3q0ydq,3322223638,44,43.0,NESTED LOOPS,,
f705bwx3q0ydq,3322223638,45,44.0,INDEX,SKIP SCAN,I_OBJ5
f705bwx3q0ydq,3322223638,46,44.0,INDEX,RANGE SCAN,SCHEDULER$_WINGRP_MEMBER_UQ
f705bwx3q0ydq,3322223638,47,42.0,INDEX,UNIQUE SCAN,SCHEDULER$_WINDOW_GROUP_PK
f705bwx3q0ydq,3322223638,48,41.0,TABLE ACCESS,BY INDEX ROWID,SCHEDULER$_WINDOW_GROUP
f705bwx3q0ydq,3322223638,49,40.0,TABLE ACCESS,FULL,SCHEDULER$_WINDOW_GROUP
f705bwx3q0ydq,3322223638,50,39.0,BUFFER,SORT,
f705bwx3q0ydq,3322223638,51,50.0,TABLE ACCESS,FULL,SCHEDULER$_WINDOW
f705bwx3q0ydq,3322223638,52,37.0,TABLE ACCESS,BY INDEX ROWID BATCHED,OBJ$
f705bwx3q0ydq,3322223638,53,52.0,INDEX,RANGE SCAN,I_OBJ1
f705bwx3q0ydq,3322223638,54,36.0,INDEX,FAST FULL SCAN,I_OBJ2
f705bwx3q0ydq,3322223638,55,34.0,INDEX,RANGE SCAN,I_USER2
f705bwx3q0ydq,3322223638,56,33.0,INDEX,FULL SCAN,I_USER2
f705bwx3q0ydq,3322223638,57,31.0,INDEX,RANGE SCAN,I_OBJ1
f705bwx3q0ydq,3322223638,58,30.0,TABLE ACCESS,BY INDEX ROWID,OBJ$
f705bwx3q0ydq,3322223638,59,29.0,INDEX,FAST FULL SCAN,I_OBJ2
f705bwx3q0ydq,3322223638,60,5.0,VIEW,,
f705bwx3q0ydq,3322223638,61,60.0,SORT,GROUP BY,
f705bwx3q0ydq,3322223638,62,61.0,TABLE ACCESS,FULL,SCHEDULER$_EVENT_LOG
f705bwx3q0ydq,3322223638,63,3.0,VIEW,,
f705bwx3q0ydq,3322223638,64,63.0,SORT,GROUP BY,
f705bwx3q0ydq,3322223638,65,64.0,JOIN FILTER,USE,:BF0000
f705bwx3q0ydq,3322223638,66,65.0,TABLE ACCESS,FULL,SCHEDULER$_EVENT_LOG
f705bwx3q0ydq,3322223638,67,2.0,FILTER,,
f705bwx3q0ydq,3322223638,68,67.0,FILTER,,
f705bwx3q0ydq,3322223638,69,68.0,NESTED LOOPS,,
f705bwx3q0ydq,3322223638,70,69.0,NESTED LOOPS,,
f705bwx3q0ydq,3322223638,71,70.0,NESTED LOOPS,,
f705bwx3q0ydq,3322223638,72,71.0,NESTED LOOPS,OUTER,
f705bwx3q0ydq,3322223638,73,72.0,TABLE ACCESS,FULL,SCHEDULER$_JOB_RUN_DETAILS
f705bwx3q0ydq,3322223638,74,72.0,INDEX,UNIQUE SCAN,SCHEDULER$_JOB_OUTPUT_PK
f705bwx3q0ydq,3322223638,75,71.0,TABLE ACCESS,BY INDEX ROWID BATCHED,SCHEDULER$_EVENT_LOG
f705bwx3q0ydq,3322223638,76,75.0,INDEX,RANGE SCAN,SCHEDULER$_INSTANCE_PK
f705bwx3q0ydq,3322223638,77,70.0,FIXED TABLE,FULL,X$KETCL
f705bwx3q0ydq,3322223638,78,77.0,HASH JOIN,,
f705bwx3q0ydq,3322223638,79,78.0,FIXED TABLE,FIXED INDEX,X$KSPPI (ind:1)
f705bwx3q0ydq,3322223638,80,78.0,FIXED TABLE,FULL,X$KSPPSV
f705bwx3q0ydq,3322223638,81,69.0,TABLE ACCESS,FULL,SCHEDULER$_EVENT_LOG
f705bwx3q0ydq,3322223638,82,67.0,SORT,AGGREGATE,
f705bwx3q0ydq,3322223638,83,82.0,TABLE ACCESS,FULL,SCHEDULER$_EVENT_LOG
f705bwx3q0ydq,3322223638,84,67.0,SORT,AGGREGATE,
f705bwx3q0ydq,3322223638,85,84.0,TABLE ACCESS,FULL,SCHEDULER$_EVENT_LOG
f705bwx3q0ydq,3322223638,86,67.0,NESTED LOOPS,,
f705bwx3q0ydq,3322223638,87,86.0,NESTED LOOPS,,
f705bwx3q0ydq,3322223638,88,87.0,TABLE ACCESS,FULL,SCHEDULER$_WINDOW
f705bwx3q0ydq,3322223638,89,87.0,TABLE ACCESS,BY INDEX ROWID BATCHED,OBJ$
f705bwx3q0ydq,3322223638,90,89.0,INDEX,RANGE SCAN,I_OBJ1
f705bwx3q0ydq,3322223638,91,86.0,INDEX,RANGE SCAN,I_USER2
f705bwx3q0ydq,3322223638,92,67.0,SORT,AGGREGATE,
f705bwx3q0ydq,3322223638,93,92.0,MERGE JOIN,CARTESIAN,
f705bwx3q0ydq,3322223638,94,93.0,MERGE JOIN,CARTESIAN,
f705bwx3q0ydq,3322223638,95,94.0,MERGE JOIN,CARTESIAN,
f705bwx3q0ydq,3322223638,96,95.0,FIXED TABLE,FULL,X$QUIESCE
f705bwx3q0ydq,3322223638,97,95.0,BUFFER,SORT,
f705bwx3q0ydq,3322223638,98,97.0,FIXED TABLE,FULL,X$KJIDT
f705bwx3q0ydq,3322223638,99,94.0,BUFFER,SORT,
f705bwx3q0ydq,3322223638,100,99.0,FIXED TABLE,FULL,X$KSUXSINST
f705bwx3q0ydq,3322223638,101,93.0,BUFFER,SORT,
f705bwx3q0ydq,3322223638,102,101.0,FIXED TABLE,FULL,X$KVIT
5s2pn51a28yk0,3869398808,0,,SELECT STATEMENT,,
5s2pn51a28yk0,3869398808,1,0.0,SORT,ORDER BY,
5s2pn51a28yk0,3869398808,2,1.0,TABLE ACCESS,FULL,AUD$
851zdcnu151n7,1179024674,0,,SELECT STATEMENT,,
851zdcnu151n7,1179024674,1,0.0,VIEW,,PRODUCT_COMPONENT_VERSION
851zdcnu151n7,1179024674,2,1.0,SORT,UNIQUE,
851zdcnu151n7,1179024674,3,2.0,UNION-ALL,,
851zdcnu151n7,1179024674,4,3.0,FIXED TABLE,FULL,X$VERSION
851zdcnu151n7,1179024674,5,3.0,FIXED TABLE,FULL,X$VERSION
65xsp107h522f,3005022527,0,,SELECT STATEMENT,,
65xsp107h522f,3005022527,1,0.0,NESTED LOOPS,,
65xsp107h522f,3005022527,2,1.0,HASH JOIN,,
65xsp107h522f,3005022527,3,2.0,NESTED LOOPS,,
65xsp107h522f,3005022527,4,3.0,STATISTICS COLLECTOR,,
65xsp107h522f,3005022527,5,4.0,HASH JOIN,,
65xsp107h522f,3005022527,6,5.0,NESTED LOOPS,,
65xsp107h522f,3005022527,7,6.0,STATISTICS COLLECTOR,,
65xsp107h522f,3005022527,8,7.0,HASH JOIN,OUTER,
65xsp107h522f,3005022527,9,8.0,NESTED LOOPS,OUTER,
65xsp107h522f,3005022527,10,9.0,STATISTICS COLLECTOR,,
65xsp107h522f,3005022527,11,10.0,HASH JOIN,,
65xsp107h522f,3005022527,12,11.0,HASH JOIN,OUTER,
65xsp107h522f,3005022527,13,12.0,HASH JOIN,,
65xsp107h522f,3005022527,14,13.0,MERGE JOIN,CARTESIAN,
65xsp107h522f,3005022527,15,14.0,TABLE ACCESS,FULL,PROFILE$
65xsp107h522f,3005022527,16,14.0,BUFFER,SORT,
65xsp107h522f,3005022527,17,16.0,TABLE ACCESS,FULL,PROFILE$
65xsp107h522f,3005022527,18,13.0,TABLE ACCESS,FULL,USER$
65xsp107h522f,3005022527,19,12.0,TABLE ACCESS,FULL,RESOURCE_GROUP_MAPPING$
65xsp107h522f,3005022527,20,11.0,TABLE ACCESS,FULL,PROFNAME$
65xsp107h522f,3005022527,21,9.0,TABLE ACCESS,CLUSTER,TS$
65xsp107h522f,3005022527,22,21.0,INDEX,UNIQUE SCAN,I_TS#
65xsp107h522f,3005022527,23,8.0,TABLE ACCESS,FULL,TS$
65xsp107h522f,3005022527,24,6.0,TABLE ACCESS,CLUSTER,TS$
65xsp107h522f,3005022527,25,24.0,INDEX,UNIQUE SCAN,I_TS#
65xsp107h522f,3005022527,26,5.0,TABLE ACCESS,FULL,TS$
65xsp107h522f,3005022527,27,3.0,TABLE ACCESS,CLUSTER,TS$
65xsp107h522f,3005022527,28,27.0,INDEX,UNIQUE SCAN,I_TS#
65xsp107h522f,3005022527,29,2.0,TABLE ACCESS,FULL,TS$
65xsp107h522f,3005022527,30,1.0,TABLE ACCESS,FULL,USER_ASTATUS_MAP
fmn3725gyd27z,280637965,0,,SELECT STATEMENT,,
fmn3725gyd27z,280637965,1,0.0,TABLE ACCESS,FULL,SYSTEM_PRIVILEGE_MAP
5zkq1jmacd2rd,0,0,,INSERT STATEMENT,,
5zkq1jmacd2rd,0,1,0.0,LOAD TABLE CONVENTIONAL,,AUD$
5zkq1jmacd2rd,0,0,,INSERT STATEMENT,,
5zkq1jmacd2rd,0,1,0.0,LOAD TABLE CONVENTIONAL,,AUD$
5zkq1jmacd2rd,0,0,,INSERT STATEMENT,,
5zkq1jmacd2rd,0,1,0.0,LOAD TABLE CONVENTIONAL,,AUD$
5zkq1jmacd2rd,0,0,,INSERT STATEMENT,,
5zkq1jmacd2rd,0,1,0.0,LOAD TABLE CONVENTIONAL,,AUD$
5zkq1jmacd2rd,0,0,,INSERT STATEMENT,,
5zkq1jmacd2rd,0,1,0.0,LOAD TABLE CONVENTIONAL,,AUD$
fxkc1wch1536d,3427753768,0,,SELECT STATEMENT,,
fxkc1wch1536d,3427753768,1,0.0,FILTER,,
fxkc1wch1536d,3427753768,2,1.0,HASH JOIN,,
fxkc1wch1536d,3427753768,3,2.0,NESTED LOOPS,,
fxkc1wch1536d,3427753768,4,3.0,STATISTICS COLLECTOR,,
fxkc1wch1536d,3427753768,5,4.0,NESTED LOOPS,,
fxkc1wch1536d,3427753768,6,5.0,MERGE JOIN,CARTESIAN,
fxkc1wch1536d,3427753768,7,6.0,TABLE ACCESS,FULL,SYN$
fxkc1wch1536d,3427753768,8,6.0,BUFFER,SORT,
fxkc1wch1536d,3427753768,9,8.0,INDEX,FULL SCAN,I_USER2
fxkc1wch1536d,3427753768,10,5.0,TABLE ACCESS,BY INDEX ROWID,OBJ$
fxkc1wch1536d,3427753768,11,10.0,INDEX,UNIQUE SCAN,I_OBJ1
fxkc1wch1536d,3427753768,12,3.0,TABLE ACCESS,CLUSTER,USER$
fxkc1wch1536d,3427753768,13,12.0,INDEX,UNIQUE SCAN,I_USER#
fxkc1wch1536d,3427753768,14,2.0,TABLE ACCESS,FULL,USER$
fxkc1wch1536d,3427753768,15,1.0,TABLE ACCESS,BY INDEX ROWID BATCHED,USER_EDITIONING$
fxkc1wch1536d,3427753768,16,15.0,INDEX,RANGE SCAN,I_USER_EDITIONING
fxkc1wch1536d,3427753768,17,1.0,TABLE ACCESS,BY INDEX ROWID BATCHED,USER_EDITIONING$
fxkc1wch1536d,3427753768,18,17.0,INDEX,RANGE SCAN,I_USER_EDITIONING
fxkc1wch1536d,3427753768,19,1.0,NESTED LOOPS,SEMI,
fxkc1wch1536d,3427753768,20,19.0,INDEX,SKIP SCAN,I_USER2
fxkc1wch1536d,3427753768,21,19.0,INDEX,RANGE SCAN,I_OBJ4
92msxsqu593cm,0,0,,INSERT STATEMENT,,
92msxsqu593cm,0,1,0.0,LOAD TABLE CONVENTIONAL,,OPT_FINDING_OBJ$
gx4mv66pvj3xz,2570921597,0,,SELECT STATEMENT,,
gx4mv66pvj3xz,2570921597,1,0.0,TABLE ACCESS,CLUSTER,CDEF$
gx4mv66pvj3xz,2570921597,2,1.0,INDEX,UNIQUE SCAN,I_COBJ#
gx4mv66pvj3xz,2570921597,0,,SELECT STATEMENT,,
gx4mv66pvj3xz,2570921597,1,0.0,TABLE ACCESS,CLUSTER,CDEF$
gx4mv66pvj3xz,2570921597,2,1.0,INDEX,UNIQUE SCAN,I_COBJ#
5u7g54s63p4ts,1946477951,0,,SELECT STATEMENT,,
5u7g54s63p4ts,1946477951,1,0.0,INDEX,RANGE SCAN,I_TYPE6
5u7g54s63p4ts,1946477951,0,,SELECT STATEMENT,,
5u7g54s63p4ts,1946477951,1,0.0,INDEX,RANGE SCAN,I_TYPE6
5u7g54s63p4ts,1946477951,0,,SELECT STATEMENT,,
5u7g54s63p4ts,1946477951,1,0.0,INDEX,RANGE SCAN,I_TYPE6
3un99a0zwp4vd,1475428744,0,,SELECT STATEMENT,,
3un99a0zwp4vd,1475428744,1,0.0,SORT,ORDER BY,
3un99a0zwp4vd,1475428744,2,1.0,HASH JOIN,OUTER,
3un99a0zwp4vd,1475428744,3,2.0,NESTED LOOPS,OUTER,
3un99a0zwp4vd,1475428744,4,3.0,STATISTICS COLLECTOR,,
3un99a0zwp4vd,1475428744,5,4.0,TABLE ACCESS,BY INDEX ROWID BATCHED,DEPENDENCY$
3un99a0zwp4vd,1475428744,6,5.0,INDEX,RANGE SCAN,I_DEPENDENCY1
3un99a0zwp4vd,1475428744,7,3.0,TABLE ACCESS,BY INDEX ROWID BATCHED,OBJ$
3un99a0zwp4vd,1475428744,8,7.0,INDEX,RANGE SCAN,I_OBJ1
3un99a0zwp4vd,1475428744,9,2.0,TABLE ACCESS,FULL,OBJ$
3un99a0zwp4vd,1475428744,0,,SELECT STATEMENT,,
3un99a0zwp4vd,1475428744,1,0.0,SORT,ORDER BY,
3un99a0zwp4vd,1475428744,2,1.0,HASH JOIN,OUTER,
3un99a0zwp4vd,1475428744,3,2.0,NESTED LOOPS,OUTER,
3un99a0zwp4vd,1475428744,4,3.0,STATISTICS COLLECTOR,,
3un99a0zwp4vd,1475428744,5,4.0,TABLE ACCESS,BY INDEX ROWID BATCHED,DEPENDENCY$
3un99a0zwp4vd,1475428744,6,5.0,INDEX,RANGE SCAN,I_DEPENDENCY1
3un99a0zwp4vd,1475428744,7,3.0,TABLE ACCESS,BY INDEX ROWID BATCHED,OBJ$
3un99a0zwp4vd,1475428744,8,7.0,INDEX,RANGE SCAN,I_OBJ1
3un99a0zwp4vd,1475428744,9,2.0,TABLE ACCESS,FULL,OBJ$
d6c1vuy6zj59n,311576787,0,,SELECT STATEMENT,,
d6c1vuy6zj59n,311576787,1,0.0,SORT,AGGREGATE,
d6c1vuy6zj59n,311576787,2,1.0,TABLE ACCESS,FULL,STATS_ADVISOR_FILTER_OBJ$
2fh7x5wjbt5q5,1936135312,0,,SELECT STATEMENT,,
2fh7x5wjbt5q5,1936135312,1,0.0,SORT,AGGREGATE,
2fh7x5wjbt5q5,1936135312,2,1.0,TABLE ACCESS,CLUSTER,COL$
2fh7x5wjbt5q5,1936135312,3,2.0,INDEX,UNIQUE SCAN,I_OBJ#
2fh7x5wjbt5q5,1936135312,0,,SELECT STATEMENT,,
2fh7x5wjbt5q5,1936135312,1,0.0,SORT,AGGREGATE,
2fh7x5wjbt5q5,1936135312,2,1.0,TABLE ACCESS,CLUSTER,COL$
2fh7x5wjbt5q5,1936135312,3,2.0,INDEX,UNIQUE SCAN,I_OBJ#
0sbbcuruzd66f,2239883476,0,,SELECT STATEMENT,,
0sbbcuruzd66f,2239883476,1,0.0,TABLE ACCESS,BY INDEX ROWID,HIST_HEAD$
0sbbcuruzd66f,2239883476,2,1.0,INDEX,RANGE SCAN,I_HH_OBJ#_INTCOL#
340chgpg8x78v,457189206,0,,SELECT STATEMENT,,
340chgpg8x78v,457189206,1,0.0,SORT,AGGREGATE,
340chgpg8x78v,457189206,2,1.0,TABLE ACCESS,FULL,OPTSTAT_HIST_CONTROL$
340chgpg8x78v,457189206,0,,SELECT STATEMENT,,
340chgpg8x78v,457189206,1,0.0,SORT,AGGREGATE,
340chgpg8x78v,457189206,2,1.0,TABLE ACCESS,FULL,OPTSTAT_HIST_CONTROL$
1p36ta7p3d7fu,1605285479,0,,SELECT STATEMENT,,
1p36ta7p3d7fu,1605285479,1,0.0,TABLE ACCESS,FULL,SEG$
am4p1u3c258s0,178502571,0,,SELECT STATEMENT,,
am4p1u3c258s0,178502571,1,0.0,SORT,ORDER BY,
am4p1u3c258s0,178502571,2,1.0,COUNT,STOPKEY,
am4p1u3c258s0,178502571,3,2.0,PX COORDINATOR,,
am4p1u3c258s0,178502571,4,3.0,PX SEND,QC (RANDOM),:TQ10000
am4p1u3c258s0,178502571,5,4.0,COUNT,STOPKEY,
am4p1u3c258s0,178502571,6,5.0,PX PARTITION LIST,ALL,
am4p1u3c258s0,178502571,7,6.0,EXTENDED DATA LINK,FULL,INT$DBA_PROCEDURES
am4p1u3c258s0,178502571,0,,SELECT STATEMENT,,
am4p1u3c258s0,178502571,1,0.0,SORT,ORDER BY,
am4p1u3c258s0,178502571,2,1.0,COUNT,STOPKEY,
am4p1u3c258s0,178502571,3,2.0,PX COORDINATOR,,
am4p1u3c258s0,178502571,4,3.0,PX SEND,QC (RANDOM),:TQ10000
am4p1u3c258s0,178502571,5,4.0,COUNT,STOPKEY,
am4p1u3c258s0,178502571,6,5.0,PX PARTITION LIST,ALL,
am4p1u3c258s0,178502571,7,6.0,EXTENDED DATA LINK,FULL,INT$DBA_PROCEDURES
4vv6sxkgg58yr,2121385582,0,,SELECT STATEMENT,,
4vv6sxkgg58yr,2121385582,1,0.0,FILTER,,
4vv6sxkgg58yr,2121385582,2,1.0,VIEW,,DBA_OBJECTS
4vv6sxkgg58yr,2121385582,3,2.0,UNION-ALL,,
4vv6sxkgg58yr,2121385582,4,3.0,FILTER,,
4vv6sxkgg58yr,2121385582,5,4.0,HASH JOIN,,
4vv6sxkgg58yr,2121385582,6,5.0,INDEX,FULL SCAN,I_USER2
4vv6sxkgg58yr,2121385582,7,5.0,HASH JOIN,,
4vv6sxkgg58yr,2121385582,8,7.0,INDEX,FULL SCAN,I_USER2
4vv6sxkgg58yr,2121385582,9,7.0,TABLE ACCESS,FULL,OBJ$
4vv6sxkgg58yr,2121385582,10,4.0,NESTED LOOPS,,
4vv6sxkgg58yr,2121385582,11,10.0,NESTED LOOPS,,
4vv6sxkgg58yr,2121385582,12,11.0,TABLE ACCESS,BY INDEX ROWID,IND$
4vv6sxkgg58yr,2121385582,13,12.0,INDEX,UNIQUE SCAN,I_IND1
4vv6sxkgg58yr,2121385582,14,11.0,TABLE ACCESS,CLUSTER,TAB$
4vv6sxkgg58yr,2121385582,15,10.0,INDEX,RANGE SCAN,I_OBJ1
4vv6sxkgg58yr,2121385582,16,4.0,TABLE ACCESS,CLUSTER,TAB$
4vv6sxkgg58yr,2121385582,17,16.0,INDEX,UNIQUE SCAN,I_OBJ#
4vv6sxkgg58yr,2121385582,18,4.0,TABLE ACCESS,BY INDEX ROWID,SEQ$
4vv6sxkgg58yr,2121385582,19,18.0,INDEX,UNIQUE SCAN,I_SEQ1
4vv6sxkgg58yr,2121385582,20,4.0,TABLE ACCESS,BY INDEX ROWID BATCHED,USER_EDITIONING$
4vv6sxkgg58yr,2121385582,21,20.0,INDEX,RANGE SCAN,I_USER_EDITIONING
4vv6sxkgg58yr,2121385582,22,4.0,TABLE ACCESS,BY INDEX ROWID BATCHED,USER_EDITIONING$
4vv6sxkgg58yr,2121385582,23,22.0,INDEX,RANGE SCAN,I_USER_EDITIONING
4vv6sxkgg58yr,2121385582,24,4.0,NESTED LOOPS,SEMI,
4vv6sxkgg58yr,2121385582,25,24.0,INDEX,SKIP SCAN,I_USER2
4vv6sxkgg58yr,2121385582,26,24.0,INDEX,RANGE SCAN,I_OBJ4
4vv6sxkgg58yr,2121385582,27,3.0,HASH JOIN,,
4vv6sxkgg58yr,2121385582,28,27.0,NESTED LOOPS,,
4vv6sxkgg58yr,2121385582,29,28.0,STATISTICS COLLECTOR,,
4vv6sxkgg58yr,2121385582,30,29.0,INDEX,FULL SCAN,I_LINK1
4vv6sxkgg58yr,2121385582,31,28.0,INDEX,RANGE SCAN,I_USER2
4vv6sxkgg58yr,2121385582,32,27.0,INDEX,FULL SCAN,I_USER2
2t9wz9s1n19x9,1388734953,0,,SELECT STATEMENT,,
2t9wz9s1n19x9,1388734953,1,0.0,FAST DUAL,,
1ptv0pqq0xafa,4027303705,0,,SELECT STATEMENT,,
1ptv0pqq0xafa,4027303705,1,0.0,TABLE ACCESS,FULL,PENDING_TRANS$
a4n4ayr88dbhy,2968095032,0,,SELECT STATEMENT,,
a4n4ayr88dbhy,2968095032,1,0.0,SORT,GROUP BY,
a4n4ayr88dbhy,2968095032,2,1.0,TABLE ACCESS,BY INDEX ROWID BATCHED,OBJAUTH$
a4n4ayr88dbhy,2968095032,3,2.0,INDEX,RANGE SCAN,I_OBJAUTH1
6gnd62qmb9bx9,2657262937,0,,SELECT STATEMENT,,
6gnd62qmb9bx9,2657262937,1,0.0,FIXED TABLE,FULL,X$KQLFXPL
5as9aks0v9ct9,3869398808,0,,SELECT STATEMENT,,
5as9aks0v9ct9,3869398808,1,0.0,SORT,ORDER BY,
5as9aks0v9ct9,3869398808,2,1.0,TABLE ACCESS,FULL,AUD$
5c3628r6npd9a,877033525,0,,SELECT STATEMENT,,
5c3628r6npd9a,877033525,1,0.0,TABLE ACCESS,FULL,SYS_FBA_BARRIERSCN
64rfs3cy3xdc2,2296793454,0,,SELECT STATEMENT,,
64rfs3cy3xdc2,2296793454,1,0.0,VIEW,,UNIFIED_AUDIT_TRAIL
64rfs3cy3xdc2,2296793454,2,1.0,UNION-ALL,,
64rfs3cy3xdc2,2296793454,3,2.0,HASH JOIN,,
64rfs3cy3xdc2,2296793454,4,3.0,HASH JOIN,OUTER,
64rfs3cy3xdc2,2296793454,5,4.0,HASH JOIN,OUTER,
64rfs3cy3xdc2,2296793454,6,5.0,FIXED TABLE,FULL,X$UNIFIED_AUDIT_TRAIL
64rfs3cy3xdc2,2296793454,7,5.0,DATA LINK,FULL,SYSTEM_PRIVILEGE_MAP
64rfs3cy3xdc2,2296793454,8,4.0,DATA LINK,FULL,STMT_AUDIT_OPTION_MAP
64rfs3cy3xdc2,2296793454,9,3.0,DATA LINK,FULL,ALL_UNIFIED_AUDIT_ACTIONS
64rfs3cy3xdc2,2296793454,10,2.0,HASH JOIN,OUTER,
64rfs3cy3xdc2,2296793454,11,10.0,HASH JOIN,OUTER,
64rfs3cy3xdc2,2296793454,12,11.0,HASH JOIN,,
64rfs3cy3xdc2,2296793454,13,12.0,PARTITION RANGE,ALL,
64rfs3cy3xdc2,2296793454,14,13.0,TABLE ACCESS,FULL,AUD$UNIFIED
64rfs3cy3xdc2,2296793454,15,12.0,DATA LINK,FULL,ALL_UNIFIED_AUDIT_ACTIONS
64rfs3cy3xdc2,2296793454,16,11.0,DATA LINK,FULL,SYSTEM_PRIVILEGE_MAP
64rfs3cy3xdc2,2296793454,17,10.0,DATA LINK,FULL,STMT_AUDIT_OPTION_MAP
5dqz0hqtp9fru,1227530427,0,,SELECT STATEMENT,,
5dqz0hqtp9fru,1227530427,1,0.0,CONNECT BY,WITH FILTERING,
5dqz0hqtp9fru,1227530427,2,1.0,TABLE ACCESS,BY INDEX ROWID BATCHED,SYSAUTH$
5dqz0hqtp9fru,1227530427,3,2.0,INDEX,RANGE SCAN,I_SYSAUTH1
5dqz0hqtp9fru,1227530427,4,1.0,HASH JOIN,,
5dqz0hqtp9fru,1227530427,5,4.0,NESTED LOOPS,,
5dqz0hqtp9fru,1227530427,6,5.0,STATISTICS COLLECTOR,,
5dqz0hqtp9fru,1227530427,7,6.0,CONNECT BY PUMP,,
5dqz0hqtp9fru,1227530427,8,5.0,TABLE ACCESS,BY INDEX ROWID BATCHED,SYSAUTH$
5dqz0hqtp9fru,1227530427,9,8.0,INDEX,RANGE SCAN,I_SYSAUTH1
5dqz0hqtp9fru,1227530427,10,4.0,TABLE ACCESS,BY INDEX ROWID BATCHED,SYSAUTH$
5dqz0hqtp9fru,1227530427,11,10.0,INDEX,FULL SCAN,I_SYSAUTH1
4nb18857stht7,2774845532,0,,SELECT STATEMENT,,
4nb18857stht7,2774845532,1,0.0,SORT,AGGREGATE,
4nb18857stht7,2774845532,2,1.0,VIEW,,INT$DBA_PROCEDURES
4nb18857stht7,2774845532,3,2.0,UNION-ALL,,
4nb18857stht7,2774845532,4,3.0,FILTER,,
4nb18857stht7,2774845532,5,4.0,NESTED LOOPS,OUTER,
4nb18857stht7,2774845532,6,5.0,NESTED LOOPS,OUTER,
4nb18857stht7,2774845532,7,6.0,HASH JOIN,,
4nb18857stht7,2774845532,8,7.0,HASH JOIN,,
4nb18857stht7,2774845532,9,8.0,NESTED LOOPS,,
4nb18857stht7,2774845532,10,9.0,STATISTICS COLLECTOR,,
4nb18857stht7,2774845532,11,10.0,NESTED LOOPS,,
4nb18857stht7,2774845532,12,11.0,TABLE ACCESS,BY INDEX ROWID,USER$
4nb18857stht7,2774845532,13,12.0,INDEX,UNIQUE SCAN,I_USER1
4nb18857stht7,2774845532,14,11.0,TABLE ACCESS,BY INDEX ROWID BATCHED,OBJ$
4nb18857stht7,2774845532,15,14.0,INDEX,RANGE SCAN,I_OBJ5
4nb18857stht7,2774845532,16,9.0,INDEX,RANGE SCAN,I_USER2
4nb18857stht7,2774845532,17,8.0,INDEX,FULL SCAN,I_USER2
4nb18857stht7,2774845532,18,7.0,TABLE ACCESS,FULL,PROCEDUREINFO$
4nb18857stht7,2774845532,19,6.0,VIEW PUSHED PREDICATE,,_CURRENT_EDITION_OBJ
4nb18857stht7,2774845532,20,19.0,FILTER,,
4nb18857stht7,2774845532,21,20.0,NESTED LOOPS,,
4nb18857stht7,2774845532,22,21.0,TABLE ACCESS,BY INDEX ROWID BATCHED,OBJ$
4nb18857stht7,2774845532,23,22.0,INDEX,RANGE SCAN,I_OBJ1
4nb18857stht7,2774845532,24,21.0,INDEX,RANGE SCAN,I_USER2
4nb18857stht7,2774845532,25,20.0,TABLE ACCESS,BY INDEX ROWID BATCHED,USER_EDITIONING$
4nb18857stht7,2774845532,26,25.0,INDEX,RANGE SCAN,I_USER_EDITIONING
4nb18857stht7,2774845532,27,20.0,TABLE ACCESS,BY INDEX ROWID BATCHED,USER_EDITIONING$
4nb18857stht7,2774845532,28,27.0,INDEX,RANGE SCAN,I_USER_EDITIONING
4nb18857stht7,2774845532,29,20.0,NESTED LOOPS,SEMI,
4nb18857stht7,2774845532,30,29.0,INDEX,SKIP SCAN,I_USER2
4nb18857stht7,2774845532,31,29.0,INDEX,RANGE SCAN,I_OBJ4
4nb18857stht7,2774845532,32,5.0,INDEX,RANGE SCAN,I_USER2
4nb18857stht7,2774845532,33,4.0,TABLE ACCESS,BY INDEX ROWID BATCHED,USER_EDITIONING$
4nb18857stht7,2774845532,34,33.0,INDEX,RANGE SCAN,I_USER_EDITIONING
4nb18857stht7,2774845532,35,4.0,TABLE ACCESS,BY INDEX ROWID BATCHED,USER_EDITIONING$
4nb18857stht7,2774845532,36,35.0,INDEX,RANGE SCAN,I_USER_EDITIONING
4nb18857stht7,2774845532,37,4.0,NESTED LOOPS,SEMI,
4nb18857stht7,2774845532,38,37.0,INDEX,SKIP SCAN,I_USER2
4nb18857stht7,2774845532,39,37.0,INDEX,RANGE SCAN,I_OBJ4
4nb18857stht7,2774845532,40,3.0,FILTER,,
4nb18857stht7,2774845532,41,40.0,FILTER,,
4nb18857stht7,2774845532,42,41.0,HASH JOIN,OUTER,
4nb18857stht7,2774845532,43,42.0,HASH JOIN,,
4nb18857stht7,2774845532,44,43.0,NESTED LOOPS,,
4nb18857stht7,2774845532,45,44.0,STATISTICS COLLECTOR,,
4nb18857stht7,2774845532,46,45.0,NESTED LOOPS,,
4nb18857stht7,2774845532,47,46.0,TABLE ACCESS,BY INDEX ROWID,USER$
4nb18857stht7,2774845532,48,47.0,INDEX,UNIQUE SCAN,I_USER1
4nb18857stht7,2774845532,49,46.0,TABLE ACCESS,BY INDEX ROWID BATCHED,OBJ$
4nb18857stht7,2774845532,50,49.0,INDEX,RANGE SCAN,I_OBJ5
4nb18857stht7,2774845532,51,44.0,INDEX,RANGE SCAN,I_USER2
4nb18857stht7,2774845532,52,43.0,INDEX,FULL SCAN,I_USER2
4nb18857stht7,2774845532,53,42.0,TABLE ACCESS,FULL,PROCEDUREINFO$
4nb18857stht7,2774845532,54,40.0,TABLE ACCESS,BY INDEX ROWID BATCHED,USER_EDITIONING$
4nb18857stht7,2774845532,55,54.0,INDEX,RANGE SCAN,I_USER_EDITIONING
4nb18857stht7,2774845532,56,40.0,TABLE ACCESS,BY INDEX ROWID BATCHED,USER_EDITIONING$
4nb18857stht7,2774845532,57,56.0,INDEX,RANGE SCAN,I_USER_EDITIONING
4nb18857stht7,2774845532,58,40.0,NESTED LOOPS,SEMI,
4nb18857stht7,2774845532,59,58.0,INDEX,SKIP SCAN,I_USER2
4nb18857stht7,2774845532,60,58.0,INDEX,RANGE SCAN,I_OBJ4
56mc14bjt1hv4,246574211,0,,SELECT STATEMENT,,
56mc14bjt1hv4,246574211,1,0.0,SORT,ORDER BY,
56mc14bjt1hv4,246574211,2,1.0,HASH JOIN,OUTER,
56mc14bjt1hv4,246574211,3,2.0,NESTED LOOPS,OUTER,
56mc14bjt1hv4,246574211,4,3.0,STATISTICS COLLECTOR,,
56mc14bjt1hv4,246574211,5,4.0,HASH JOIN,,
56mc14bjt1hv4,246574211,6,5.0,MERGE JOIN,CARTESIAN,
56mc14bjt1hv4,246574211,7,6.0,NESTED LOOPS,,
56mc14bjt1hv4,246574211,8,7.0,FAST DUAL,,
56mc14bjt1hv4,246574211,9,7.0,TABLE ACCESS,FULL,PROFNAME$
56mc14bjt1hv4,246574211,10,6.0,BUFFER,SORT,
56mc14bjt1hv4,246574211,11,10.0,TABLE ACCESS,FULL,RESOURCE_MAP
56mc14bjt1hv4,246574211,12,5.0,TABLE ACCESS,FULL,PROFILE$
56mc14bjt1hv4,246574211,13,3.0,TABLE ACCESS,BY INDEX ROWID BATCHED,OBJ$
56mc14bjt1hv4,246574211,14,13.0,INDEX,RANGE SCAN,I_OBJ1
56mc14bjt1hv4,246574211,15,2.0,INDEX,FAST FULL SCAN,I_OBJ2
ak5crjygnpk60,3800490500,0,,UPDATE STATEMENT,,
ak5crjygnpk60,3800490500,1,0.0,UPDATE,,DBMS_LOCK_ALLOCATED
ak5crjygnpk60,3800490500,2,1.0,TABLE ACCESS,BY USER ROWID,DBMS_LOCK_ALLOCATED
0s3rajbztxkcz,2844803677,0,,SELECT STATEMENT,,
0s3rajbztxkcz,2844803677,1,0.0,HASH JOIN,,
0s3rajbztxkcz,2844803677,2,1.0,FIXED TABLE,FULL,X$KSPPI
0s3rajbztxkcz,2844803677,3,1.0,FIXED TABLE,FULL,X$KSPPSV
7wxs7gyyytkku,1388734953,0,,SELECT STATEMENT,,
7wxs7gyyytkku,1388734953,1,0.0,FAST DUAL,,
cj182pk54xkq2,2844803677,0,,SELECT STATEMENT,,
cj182pk54xkq2,2844803677,1,0.0,HASH JOIN,,
cj182pk54xkq2,2844803677,2,1.0,FIXED TABLE,FULL,X$KSPPI
cj182pk54xkq2,2844803677,3,1.0,FIXED TABLE,FULL,X$KSPPSV
fh5ufah919kun,1697022209,0,,SELECT STATEMENT,,
fh5ufah919kun,1697022209,1,0.0,TABLE ACCESS,BY INDEX ROWID,IDL_SB4$
fh5ufah919kun,1697022209,2,1.0,INDEX,RANGE SCAN,I_IDL_SB41
76czxsh33pmfq,983028472,0,,SELECT STATEMENT,,
76czxsh33pmfq,983028472,1,0.0,SORT,ORDER BY,
76czxsh33pmfq,983028472,2,1.0,UNION-ALL,,
76czxsh33pmfq,983028472,3,2.0,COUNT,STOPKEY,
76czxsh33pmfq,983028472,4,3.0,VIEW,,DBA_OBJECTS
76czxsh33pmfq,983028472,5,4.0,UNION-ALL,,
76czxsh33pmfq,983028472,6,5.0,TABLE ACCESS,BY INDEX ROWID,SUM$
76czxsh33pmfq,983028472,7,6.0,INDEX,UNIQUE SCAN,I_SUM$_1
76czxsh33pmfq,983028472,8,5.0,FILTER,,
76czxsh33pmfq,983028472,9,8.0,HASH JOIN,,
76czxsh33pmfq,983028472,10,9.0,NESTED LOOPS,,
76czxsh33pmfq,983028472,11,10.0,TABLE ACCESS,BY INDEX ROWID,USER$
76czxsh33pmfq,983028472,12,11.0,INDEX,UNIQUE SCAN,I_USER1
76czxsh33pmfq,983028472,13,10.0,TABLE ACCESS,BY INDEX ROWID BATCHED,OBJ$
76czxsh33pmfq,983028472,14,13.0,INDEX,RANGE SCAN,I_OBJ5
76czxsh33pmfq,983028472,15,9.0,INDEX,FULL SCAN,I_USER2
76czxsh33pmfq,983028472,16,8.0,NESTED LOOPS,,
76czxsh33pmfq,983028472,17,16.0,NESTED LOOPS,,
76czxsh33pmfq,983028472,18,17.0,TABLE ACCESS,BY INDEX ROWID,IND$
76czxsh33pmfq,983028472,19,18.0,INDEX,UNIQUE SCAN,I_IND1
76czxsh33pmfq,983028472,20,17.0,TABLE ACCESS,CLUSTER,TAB$
76czxsh33pmfq,983028472,21,16.0,INDEX,RANGE SCAN,I_OBJ1
76czxsh33pmfq,983028472,22,8.0,TABLE ACCESS,CLUSTER,TAB$
76czxsh33pmfq,983028472,23,22.0,INDEX,UNIQUE SCAN,I_OBJ#
76czxsh33pmfq,983028472,24,8.0,TABLE ACCESS,BY INDEX ROWID,SEQ$
76czxsh33pmfq,983028472,25,24.0,INDEX,UNIQUE SCAN,I_SEQ1
76czxsh33pmfq,983028472,26,8.0,TABLE ACCESS,BY INDEX ROWID BATCHED,USER_EDITIONING$
76czxsh33pmfq,983028472,27,26.0,INDEX,RANGE SCAN,I_USER_EDITIONING
76czxsh33pmfq,983028472,28,8.0,TABLE ACCESS,BY INDEX ROWID BATCHED,USER_EDITIONING$
76czxsh33pmfq,983028472,29,28.0,INDEX,RANGE SCAN,I_USER_EDITIONING
76czxsh33pmfq,983028472,30,8.0,NESTED LOOPS,SEMI,
76czxsh33pmfq,983028472,31,30.0,INDEX,SKIP SCAN,I_USER2
76czxsh33pmfq,983028472,32,30.0,INDEX,RANGE SCAN,I_OBJ4
76czxsh33pmfq,983028472,33,5.0,FILTER,,
76czxsh33pmfq,983028472,34,33.0,NESTED LOOPS,,
76czxsh33pmfq,983028472,35,34.0,TABLE ACCESS,BY INDEX ROWID,USER$
76czxsh33pmfq,983028472,36,35.0,INDEX,UNIQUE SCAN,I_USER1
76czxsh33pmfq,983028472,37,34.0,INDEX,RANGE SCAN,I_LINK1
76czxsh33pmfq,983028472,38,2.0,COUNT,STOPKEY,
76czxsh33pmfq,983028472,39,38.0,NESTED LOOPS,,
76czxsh33pmfq,983028472,40,39.0,MERGE JOIN,CARTESIAN,
76czxsh33pmfq,983028472,41,40.0,HASH JOIN,,
76czxsh33pmfq,983028472,42,41.0,NESTED LOOPS,,
76czxsh33pmfq,983028472,43,42.0,STATISTICS COLLECTOR,,
76czxsh33pmfq,983028472,44,43.0,HASH JOIN,,
76czxsh33pmfq,983028472,45,44.0,NESTED LOOPS,,
76czxsh33pmfq,983028472,46,45.0,STATISTICS COLLECTOR,,
76czxsh33pmfq,983028472,47,46.0,HASH JOIN,OUTER,
76czxsh33pmfq,983028472,48,47.0,NESTED LOOPS,OUTER,
76czxsh33pmfq,983028472,49,48.0,STATISTICS COLLECTOR,,
76czxsh33pmfq,983028472,50,49.0,HASH JOIN,,
76czxsh33pmfq,983028472,51,50.0,HASH JOIN,,
76czxsh33pmfq,983028472,52,51.0,NESTED LOOPS,,
76czxsh33pmfq,983028472,53,52.0,NESTED LOOPS,,
76czxsh33pmfq,983028472,54,53.0,STATISTICS COLLECTOR,,
76czxsh33pmfq,983028472,55,54.0,HASH JOIN,OUTER,
76czxsh33pmfq,983028472,56,55.0,TABLE ACCESS,BY INDEX ROWID BATCHED,USER$
76czxsh33pmfq,983028472,57,56.0,INDEX,RANGE SCAN,I_USER1
76czxsh33pmfq,983028472,58,55.0,TABLE ACCESS,FULL,RESOURCE_GROUP_MAPPING$
76czxsh33pmfq,983028472,59,53.0,INDEX,RANGE SCAN,I_PROFILE
76czxsh33pmfq,983028472,60,52.0,TABLE ACCESS,BY INDEX ROWID,PROFILE$
76czxsh33pmfq,983028472,61,51.0,TABLE ACCESS,FULL,PROFILE$
76czxsh33pmfq,983028472,62,50.0,TABLE ACCESS,FULL,PROFNAME$
76czxsh33pmfq,983028472,63,48.0,TABLE ACCESS,CLUSTER,TS$
76czxsh33pmfq,983028472,64,63.0,INDEX,UNIQUE SCAN,I_TS#
76czxsh33pmfq,983028472,65,47.0,TABLE ACCESS,FULL,TS$
76czxsh33pmfq,983028472,66,45.0,TABLE ACCESS,CLUSTER,TS$
76czxsh33pmfq,983028472,67,66.0,INDEX,UNIQUE SCAN,I_TS#
76czxsh33pmfq,983028472,68,44.0,TABLE ACCESS,FULL,TS$
76czxsh33pmfq,983028472,69,42.0,TABLE ACCESS,CLUSTER,TS$
76czxsh33pmfq,983028472,70,69.0,INDEX,UNIQUE SCAN,I_TS#
76czxsh33pmfq,983028472,71,41.0,TABLE ACCESS,FULL,TS$
76czxsh33pmfq,983028472,72,40.0,BUFFER,SORT,
76czxsh33pmfq,983028472,73,72.0,TABLE ACCESS,BY INDEX ROWID BATCHED,PROFILE$
76czxsh33pmfq,983028472,74,73.0,INDEX,RANGE SCAN,I_PROFILE
76czxsh33pmfq,983028472,75,39.0,TABLE ACCESS,FULL,USER_ASTATUS_MAP
bp1gb77ug1q0k,3758458682,0,,SELECT STATEMENT,,
bp1gb77ug1q0k,3758458682,1,0.0,FOR UPDATE,,
bp1gb77ug1q0k,3758458682,2,1.0,BUFFER,SORT,
bp1gb77ug1q0k,3758458682,3,2.0,TABLE ACCESS,FULL,OPTSTAT_HIST_CONTROL$
dycmpuj6apqjs,2026059959,0,,SELECT STATEMENT,,
dycmpuj6apqjs,2026059959,1,0.0,SORT,ORDER BY,
dycmpuj6apqjs,2026059959,2,1.0,HASH JOIN,OUTER,
dycmpuj6apqjs,2026059959,3,2.0,NESTED LOOPS,OUTER,
dycmpuj6apqjs,2026059959,4,3.0,STATISTICS COLLECTOR,,
dycmpuj6apqjs,2026059959,5,4.0,HASH JOIN,OUTER,
dycmpuj6apqjs,2026059959,6,5.0,NESTED LOOPS,OUTER,
dycmpuj6apqjs,2026059959,7,6.0,STATISTICS COLLECTOR,,
dycmpuj6apqjs,2026059959,8,7.0,TABLE ACCESS,BY INDEX ROWID BATCHED,PARTCOL$
dycmpuj6apqjs,2026059959,9,8.0,INDEX,RANGE SCAN,I_PARTCOL$
dycmpuj6apqjs,2026059959,10,6.0,TABLE ACCESS,BY INDEX ROWID,COL$
dycmpuj6apqjs,2026059959,11,10.0,INDEX,UNIQUE SCAN,I_COL3
dycmpuj6apqjs,2026059959,12,5.0,TABLE ACCESS,CLUSTER,COL$
dycmpuj6apqjs,2026059959,13,12.0,INDEX,UNIQUE SCAN,I_OBJ#
dycmpuj6apqjs,2026059959,14,3.0,TABLE ACCESS,BY INDEX ROWID,COL$
dycmpuj6apqjs,2026059959,15,14.0,INDEX,UNIQUE SCAN,I_COL3
dycmpuj6apqjs,2026059959,16,2.0,TABLE ACCESS,FULL,COL$
6c9wx6z8w9qpu,2664560884,0,,SELECT STATEMENT,,
6c9wx6z8w9qpu,2664560884,1,0.0,TABLE ACCESS,BY INDEX ROWID BATCHED,ASSOCIATION$
6c9wx6z8w9qpu,2664560884,2,1.0,INDEX,RANGE SCAN,ASSOC1
b9nbhsbx8tqz5,1097271556,0,,SELECT STATEMENT,,
b9nbhsbx8tqz5,1097271556,1,0.0,TABLE ACCESS,FULL,OPTSTAT_HIST_CONTROL$
a1xgxtssv5rrp,1192322313,0,,SELECT STATEMENT,,
a1xgxtssv5rrp,1192322313,1,0.0,SORT,GROUP BY,
a1xgxtssv5rrp,1192322313,2,1.0,HASH JOIN,,
a1xgxtssv5rrp,1192322313,3,2.0,NESTED LOOPS,,
a1xgxtssv5rrp,1192322313,4,3.0,NESTED LOOPS,,
a1xgxtssv5rrp,1192322313,5,4.0,STATISTICS COLLECTOR,,
a1xgxtssv5rrp,1192322313,6,5.0,HASH JOIN,,
a1xgxtssv5rrp,1192322313,7,6.0,FIXED TABLE,FULL,X$KTSTSSD
a1xgxtssv5rrp,1192322313,8,6.0,FIXED TABLE,FULL,X$KCCTS
a1xgxtssv5rrp,1192322313,9,4.0,INDEX,UNIQUE SCAN,I_TS1
a1xgxtssv5rrp,1192322313,10,3.0,TABLE ACCESS,BY INDEX ROWID,TS$
a1xgxtssv5rrp,1192322313,11,2.0,TABLE ACCESS,FULL,TS$
bw0b5zv1wxryq,2272550588,0,,SELECT STATEMENT,,
bw0b5zv1wxryq,2272550588,1,0.0,FIXED TABLE,FULL,X$QOSADVRULEDEF
afx304d90ps3z,2144485289,0,,SELECT STATEMENT,,
afx304d90ps3z,2144485289,1,0.0,TABLE ACCESS,BY INDEX ROWID,TAB_STATS$
afx304d90ps3z,2144485289,2,1.0,INDEX,UNIQUE SCAN,I_TAB_STATS$_OBJ#
afx304d90ps3z,2144485289,0,,SELECT STATEMENT,,
afx304d90ps3z,2144485289,1,0.0,TABLE ACCESS,BY INDEX ROWID,TAB_STATS$
afx304d90ps3z,2144485289,2,1.0,INDEX,UNIQUE SCAN,I_TAB_STATS$_OBJ#
6vacnvkvkxsda,1565241382,0,,SELECT STATEMENT,,
6vacnvkvkxsda,1565241382,1,0.0,SORT,ORDER BY,
6vacnvkvkxsda,1565241382,2,1.0,NESTED LOOPS,,
6vacnvkvkxsda,1565241382,3,2.0,HASH JOIN,OUTER,
6vacnvkvkxsda,1565241382,4,3.0,HASH JOIN,,
6vacnvkvkxsda,1565241382,5,4.0,HASH JOIN,,
6vacnvkvkxsda,1565241382,6,5.0,HASH JOIN,OUTER,
6vacnvkvkxsda,1565241382,7,6.0,HASH JOIN,,
6vacnvkvkxsda,1565241382,8,7.0,HASH JOIN,OUTER,
6vacnvkvkxsda,1565241382,9,8.0,HASH JOIN,,
6vacnvkvkxsda,1565241382,10,9.0,MERGE JOIN,CARTESIAN,
6vacnvkvkxsda,1565241382,11,10.0,TABLE ACCESS,FULL,PROFILE$
6vacnvkvkxsda,1565241382,12,10.0,BUFFER,SORT,
6vacnvkvkxsda,1565241382,13,12.0,TABLE ACCESS,FULL,PROFILE$
6vacnvkvkxsda,1565241382,14,9.0,TABLE ACCESS,FULL,USER$
6vacnvkvkxsda,1565241382,15,8.0,TABLE ACCESS,FULL,RESOURCE_GROUP_MAPPING$
6vacnvkvkxsda,1565241382,16,7.0,TABLE ACCESS,FULL,PROFNAME$
6vacnvkvkxsda,1565241382,17,6.0,TABLE ACCESS,FULL,TS$
6vacnvkvkxsda,1565241382,18,5.0,TABLE ACCESS,FULL,TS$
6vacnvkvkxsda,1565241382,19,4.0,TABLE ACCESS,FULL,TS$
6vacnvkvkxsda,1565241382,20,3.0,VIEW,,DBA_ROLE_PRIVS
6vacnvkvkxsda,1565241382,21,20.0,UNION-ALL,,
6vacnvkvkxsda,1565241382,22,21.0,HASH,GROUP BY,
6vacnvkvkxsda,1565241382,23,22.0,NESTED LOOPS,,
6vacnvkvkxsda,1565241382,24,23.0,NESTED LOOPS,OUTER,
6vacnvkvkxsda,1565241382,25,24.0,HASH JOIN,,
6vacnvkvkxsda,1565241382,26,25.0,TABLE ACCESS,BY INDEX ROWID BATCHED,SYSAUTH$
6vacnvkvkxsda,1565241382,27,26.0,INDEX,FULL SCAN,I_SYSAUTH1
6vacnvkvkxsda,1565241382,28,25.0,TABLE ACCESS,FULL,USER$
6vacnvkvkxsda,1565241382,29,24.0,INDEX,UNIQUE SCAN,I_DEFROLE1
6vacnvkvkxsda,1565241382,30,23.0,TABLE ACCESS,CLUSTER,USER$
6vacnvkvkxsda,1565241382,31,30.0,INDEX,UNIQUE SCAN,I_USER#
6vacnvkvkxsda,1565241382,32,21.0,HASH,GROUP BY,
6vacnvkvkxsda,1565241382,33,32.0,NESTED LOOPS,OUTER,
6vacnvkvkxsda,1565241382,34,33.0,HASH JOIN,,
6vacnvkvkxsda,1565241382,35,34.0,TABLE ACCESS,FULL,USER$
6vacnvkvkxsda,1565241382,36,34.0,HASH JOIN,,
6vacnvkvkxsda,1565241382,37,36.0,TABLE ACCESS,FULL,USER$
6vacnvkvkxsda,1565241382,38,36.0,TABLE ACCESS,BY INDEX ROWID BATCHED,SYSAUTH$
6vacnvkvkxsda,1565241382,39,38.0,INDEX,FULL SCAN,I_SYSAUTH1
6vacnvkvkxsda,1565241382,40,33.0,INDEX,UNIQUE SCAN,I_DEFROLE1
6vacnvkvkxsda,1565241382,41,21.0,HASH,GROUP BY,
6vacnvkvkxsda,1565241382,42,41.0,NESTED LOOPS,,
6vacnvkvkxsda,1565241382,43,42.0,NESTED LOOPS,OUTER,
6vacnvkvkxsda,1565241382,44,43.0,HASH JOIN,,
6vacnvkvkxsda,1565241382,45,44.0,TABLE ACCESS,BY INDEX ROWID BATCHED,SYSAUTH$
6vacnvkvkxsda,1565241382,46,45.0,INDEX,FULL SCAN,I_SYSAUTH1
6vacnvkvkxsda,1565241382,47,44.0,TABLE ACCESS,FULL,USER$
6vacnvkvkxsda,1565241382,48,43.0,INDEX,UNIQUE SCAN,I_DEFROLE1
6vacnvkvkxsda,1565241382,49,42.0,TABLE ACCESS,CLUSTER,USER$
6vacnvkvkxsda,1565241382,50,49.0,INDEX,UNIQUE SCAN,I_USER#
6vacnvkvkxsda,1565241382,51,2.0,TABLE ACCESS,FULL,USER_ASTATUS_MAP
6vacnvkvkxsda,4288453833,0,,SELECT STATEMENT,,
6vacnvkvkxsda,4288453833,1,0.0,SORT,ORDER BY,
6vacnvkvkxsda,4288453833,2,1.0,NESTED LOOPS,,
6vacnvkvkxsda,4288453833,3,2.0,HASH JOIN,OUTER,
6vacnvkvkxsda,4288453833,4,3.0,HASH JOIN,,
6vacnvkvkxsda,4288453833,5,4.0,HASH JOIN,,
6vacnvkvkxsda,4288453833,6,5.0,HASH JOIN,OUTER,
6vacnvkvkxsda,4288453833,7,6.0,HASH JOIN,,
6vacnvkvkxsda,4288453833,8,7.0,HASH JOIN,OUTER,
6vacnvkvkxsda,4288453833,9,8.0,HASH JOIN,,
6vacnvkvkxsda,4288453833,10,9.0,MERGE JOIN,CARTESIAN,
6vacnvkvkxsda,4288453833,11,10.0,TABLE ACCESS,FULL,PROFILE$
6vacnvkvkxsda,4288453833,12,10.0,BUFFER,SORT,
6vacnvkvkxsda,4288453833,13,12.0,TABLE ACCESS,FULL,PROFILE$
6vacnvkvkxsda,4288453833,14,9.0,TABLE ACCESS,FULL,USER$
6vacnvkvkxsda,4288453833,15,8.0,TABLE ACCESS,FULL,RESOURCE_GROUP_MAPPING$
6vacnvkvkxsda,4288453833,16,7.0,TABLE ACCESS,FULL,PROFNAME$
6vacnvkvkxsda,4288453833,17,6.0,TABLE ACCESS,FULL,TS$
6vacnvkvkxsda,4288453833,18,5.0,TABLE ACCESS,FULL,TS$
6vacnvkvkxsda,4288453833,19,4.0,TABLE ACCESS,FULL,TS$
6vacnvkvkxsda,4288453833,20,3.0,VIEW,,DBA_ROLE_PRIVS
6vacnvkvkxsda,4288453833,21,20.0,UNION-ALL,,
6vacnvkvkxsda,4288453833,22,21.0,HASH,GROUP BY,
6vacnvkvkxsda,4288453833,23,22.0,NESTED LOOPS,,
6vacnvkvkxsda,4288453833,24,23.0,NESTED LOOPS,OUTER,
6vacnvkvkxsda,4288453833,25,24.0,HASH JOIN,,
6vacnvkvkxsda,4288453833,26,25.0,TABLE ACCESS,BY INDEX ROWID BATCHED,SYSAUTH$
6vacnvkvkxsda,4288453833,27,26.0,INDEX,FULL SCAN,I_SYSAUTH1
6vacnvkvkxsda,4288453833,28,25.0,TABLE ACCESS,FULL,USER$
6vacnvkvkxsda,4288453833,29,24.0,INDEX,UNIQUE SCAN,I_DEFROLE1
6vacnvkvkxsda,4288453833,30,23.0,TABLE ACCESS,CLUSTER,USER$
6vacnvkvkxsda,4288453833,31,30.0,INDEX,UNIQUE SCAN,I_USER#
6vacnvkvkxsda,4288453833,32,21.0,HASH,GROUP BY,
6vacnvkvkxsda,4288453833,33,32.0,NESTED LOOPS,,
6vacnvkvkxsda,4288453833,34,33.0,NESTED LOOPS,OUTER,
6vacnvkvkxsda,4288453833,35,34.0,HASH JOIN,,
6vacnvkvkxsda,4288453833,36,35.0,TABLE ACCESS,BY INDEX ROWID BATCHED,SYSAUTH$
6vacnvkvkxsda,4288453833,37,36.0,INDEX,FULL SCAN,I_SYSAUTH1
6vacnvkvkxsda,4288453833,38,35.0,TABLE ACCESS,FULL,USER$
6vacnvkvkxsda,4288453833,39,34.0,INDEX,UNIQUE SCAN,I_DEFROLE1
6vacnvkvkxsda,4288453833,40,33.0,TABLE ACCESS,CLUSTER,USER$
6vacnvkvkxsda,4288453833,41,40.0,INDEX,UNIQUE SCAN,I_USER#
6vacnvkvkxsda,4288453833,42,21.0,HASH,GROUP BY,
6vacnvkvkxsda,4288453833,43,42.0,NESTED LOOPS,,
6vacnvkvkxsda,4288453833,44,43.0,NESTED LOOPS,OUTER,
6vacnvkvkxsda,4288453833,45,44.0,HASH JOIN,,
6vacnvkvkxsda,4288453833,46,45.0,TABLE ACCESS,BY INDEX ROWID BATCHED,SYSAUTH$
6vacnvkvkxsda,4288453833,47,46.0,INDEX,FULL SCAN,I_SYSAUTH1
6vacnvkvkxsda,4288453833,48,45.0,TABLE ACCESS,FULL,USER$
6vacnvkvkxsda,4288453833,49,44.0,INDEX,UNIQUE SCAN,I_DEFROLE1
6vacnvkvkxsda,4288453833,50,43.0,TABLE ACCESS,CLUSTER,USER$
6vacnvkvkxsda,4288453833,51,50.0,INDEX,UNIQUE SCAN,I_USER#
6vacnvkvkxsda,4288453833,52,2.0,TABLE ACCESS,FULL,USER_ASTATUS_MAP
6vacnvkvkxsda,4288453833,0,,SELECT STATEMENT,,
6vacnvkvkxsda,4288453833,1,0.0,SORT,ORDER BY,
6vacnvkvkxsda,4288453833,2,1.0,NESTED LOOPS,,
6vacnvkvkxsda,4288453833,3,2.0,HASH JOIN,OUTER,
6vacnvkvkxsda,4288453833,4,3.0,HASH JOIN,,
6vacnvkvkxsda,4288453833,5,4.0,HASH JOIN,,
6vacnvkvkxsda,4288453833,6,5.0,HASH JOIN,OUTER,
6vacnvkvkxsda,4288453833,7,6.0,HASH JOIN,,
6vacnvkvkxsda,4288453833,8,7.0,HASH JOIN,OUTER,
6vacnvkvkxsda,4288453833,9,8.0,HASH JOIN,,
6vacnvkvkxsda,4288453833,10,9.0,MERGE JOIN,CARTESIAN,
6vacnvkvkxsda,4288453833,11,10.0,TABLE ACCESS,FULL,PROFILE$
6vacnvkvkxsda,4288453833,12,10.0,BUFFER,SORT,
6vacnvkvkxsda,4288453833,13,12.0,TABLE ACCESS,FULL,PROFILE$
6vacnvkvkxsda,4288453833,14,9.0,TABLE ACCESS,FULL,USER$
6vacnvkvkxsda,4288453833,15,8.0,TABLE ACCESS,FULL,RESOURCE_GROUP_MAPPING$
6vacnvkvkxsda,4288453833,16,7.0,TABLE ACCESS,FULL,PROFNAME$
6vacnvkvkxsda,4288453833,17,6.0,TABLE ACCESS,FULL,TS$
6vacnvkvkxsda,4288453833,18,5.0,TABLE ACCESS,FULL,TS$
6vacnvkvkxsda,4288453833,19,4.0,TABLE ACCESS,FULL,TS$
6vacnvkvkxsda,4288453833,20,3.0,VIEW,,DBA_ROLE_PRIVS
6vacnvkvkxsda,4288453833,21,20.0,UNION-ALL,,
6vacnvkvkxsda,4288453833,22,21.0,HASH,GROUP BY,
6vacnvkvkxsda,4288453833,23,22.0,NESTED LOOPS,,
6vacnvkvkxsda,4288453833,24,23.0,NESTED LOOPS,OUTER,
6vacnvkvkxsda,4288453833,25,24.0,HASH JOIN,,
6vacnvkvkxsda,4288453833,26,25.0,TABLE ACCESS,BY INDEX ROWID BATCHED,SYSAUTH$
6vacnvkvkxsda,4288453833,27,26.0,INDEX,FULL SCAN,I_SYSAUTH1
6vacnvkvkxsda,4288453833,28,25.0,TABLE ACCESS,FULL,USER$
6vacnvkvkxsda,4288453833,29,24.0,INDEX,UNIQUE SCAN,I_DEFROLE1
6vacnvkvkxsda,4288453833,30,23.0,TABLE ACCESS,CLUSTER,USER$
6vacnvkvkxsda,4288453833,31,30.0,INDEX,UNIQUE SCAN,I_USER#
6vacnvkvkxsda,4288453833,32,21.0,HASH,GROUP BY,
6vacnvkvkxsda,4288453833,33,32.0,NESTED LOOPS,,
6vacnvkvkxsda,4288453833,34,33.0,NESTED LOOPS,OUTER,
6vacnvkvkxsda,4288453833,35,34.0,HASH JOIN,,
6vacnvkvkxsda,4288453833,36,35.0,TABLE ACCESS,BY INDEX ROWID BATCHED,SYSAUTH$
6vacnvkvkxsda,4288453833,37,36.0,INDEX,FULL SCAN,I_SYSAUTH1
6vacnvkvkxsda,4288453833,38,35.0,TABLE ACCESS,FULL,USER$
6vacnvkvkxsda,4288453833,39,34.0,INDEX,UNIQUE SCAN,I_DEFROLE1
6vacnvkvkxsda,4288453833,40,33.0,TABLE ACCESS,CLUSTER,USER$
6vacnvkvkxsda,4288453833,41,40.0,INDEX,UNIQUE SCAN,I_USER#
6vacnvkvkxsda,4288453833,42,21.0,HASH,GROUP BY,
6vacnvkvkxsda,4288453833,43,42.0,NESTED LOOPS,,
6vacnvkvkxsda,4288453833,44,43.0,NESTED LOOPS,OUTER,
6vacnvkvkxsda,4288453833,45,44.0,HASH JOIN,,
6vacnvkvkxsda,4288453833,46,45.0,TABLE ACCESS,BY INDEX ROWID BATCHED,SYSAUTH$
6vacnvkvkxsda,4288453833,47,46.0,INDEX,FULL SCAN,I_SYSAUTH1
6vacnvkvkxsda,4288453833,48,45.0,TABLE ACCESS,FULL,USER$
6vacnvkvkxsda,4288453833,49,44.0,INDEX,UNIQUE SCAN,I_DEFROLE1
6vacnvkvkxsda,4288453833,50,43.0,TABLE ACCESS,CLUSTER,USER$
6vacnvkvkxsda,4288453833,51,50.0,INDEX,UNIQUE SCAN,I_USER#
6vacnvkvkxsda,4288453833,52,2.0,TABLE ACCESS,FULL,USER_ASTATUS_MAP
2xyb5d6xg9srh,2664560884,0,,SELECT STATEMENT,,
2xyb5d6xg9srh,2664560884,1,0.0,TABLE ACCESS,BY INDEX ROWID BATCHED,ASSOCIATION$
2xyb5d6xg9srh,2664560884,2,1.0,INDEX,RANGE SCAN,ASSOC1
38z2dr4ssxswn,61158906,0,,UPDATE STATEMENT,,
38z2dr4ssxswn,61158906,1,0.0,UPDATE,,OPTSTAT_HIST_CONTROL$
38z2dr4ssxswn,61158906,2,1.0,TABLE ACCESS,FULL,OPTSTAT_HIST_CONTROL$
2ajc7pwz9jsx3,2536448058,0,,SELECT STATEMENT,,
2ajc7pwz9jsx3,2536448058,1,0.0,SORT,AGGREGATE,
2ajc7pwz9jsx3,2536448058,2,1.0,INDEX,FULL SCAN (MIN/MAX),SMON_SCN_TIME_SCN_IDX
2ajc7pwz9jsx3,2536448058,0,,SELECT STATEMENT,,
2ajc7pwz9jsx3,2536448058,1,0.0,SORT,AGGREGATE,
2ajc7pwz9jsx3,2536448058,2,1.0,INDEX,FULL SCAN (MIN/MAX),SMON_SCN_TIME_SCN_IDX
f0h5rpzmhju11,4175978637,0,,SELECT STATEMENT,,
f0h5rpzmhju11,4175978637,1,0.0,MERGE JOIN,CARTESIAN,
f0h5rpzmhju11,4175978637,2,1.0,MERGE JOIN,CARTESIAN,
f0h5rpzmhju11,4175978637,3,2.0,MERGE JOIN,CARTESIAN,
f0h5rpzmhju11,4175978637,4,3.0,FIXED TABLE,FULL,X$QUIESCE
f0h5rpzmhju11,4175978637,5,3.0,BUFFER,SORT,
f0h5rpzmhju11,4175978637,6,5.0,FIXED TABLE,FULL,X$KJIDT
f0h5rpzmhju11,4175978637,7,2.0,BUFFER,SORT,
f0h5rpzmhju11,4175978637,8,7.0,FIXED TABLE,FULL,X$KSUXSINST
f0h5rpzmhju11,4175978637,9,1.0,BUFFER,SORT,
f0h5rpzmhju11,4175978637,10,9.0,FIXED TABLE,FULL,X$KVIT
f0h5rpzmhju11,4175978637,0,,SELECT STATEMENT,,
f0h5rpzmhju11,4175978637,1,0.0,MERGE JOIN,CARTESIAN,
f0h5rpzmhju11,4175978637,2,1.0,MERGE JOIN,CARTESIAN,
f0h5rpzmhju11,4175978637,3,2.0,MERGE JOIN,CARTESIAN,
f0h5rpzmhju11,4175978637,4,3.0,FIXED TABLE,FULL,X$QUIESCE
f0h5rpzmhju11,4175978637,5,3.0,BUFFER,SORT,
f0h5rpzmhju11,4175978637,6,5.0,FIXED TABLE,FULL,X$KJIDT
f0h5rpzmhju11,4175978637,7,2.0,BUFFER,SORT,
f0h5rpzmhju11,4175978637,8,7.0,FIXED TABLE,FULL,X$KSUXSINST
f0h5rpzmhju11,4175978637,9,1.0,BUFFER,SORT,
f0h5rpzmhju11,4175978637,10,9.0,FIXED TABLE,FULL,X$KVIT
0rchqc9t7puxd,3625102319,0,,SELECT STATEMENT,,
0rchqc9t7puxd,3625102319,1,0.0,RESULT CACHE,,4dq1mrt7bzwq52xbjvrxaabk5h
0rchqc9t7puxd,3625102319,2,1.0,FILTER,,
0rchqc9t7puxd,3625102319,3,2.0,HASH JOIN,,
0rchqc9t7puxd,3625102319,4,3.0,NESTED LOOPS,,
0rchqc9t7puxd,3625102319,5,4.0,STATISTICS COLLECTOR,,
0rchqc9t7puxd,3625102319,6,5.0,HASH JOIN,,
0rchqc9t7puxd,3625102319,7,6.0,NESTED LOOPS,,
0rchqc9t7puxd,3625102319,8,7.0,STATISTICS COLLECTOR,,
0rchqc9t7puxd,3625102319,9,8.0,HASH JOIN,,
0rchqc9t7puxd,3625102319,10,9.0,NESTED LOOPS,,
0rchqc9t7puxd,3625102319,11,10.0,STATISTICS COLLECTOR,,
0rchqc9t7puxd,3625102319,12,11.0,HASH JOIN,,
0rchqc9t7puxd,3625102319,13,12.0,NESTED LOOPS,,
0rchqc9t7puxd,3625102319,14,13.0,STATISTICS COLLECTOR,,
0rchqc9t7puxd,3625102319,15,14.0,HASH JOIN,,
0rchqc9t7puxd,3625102319,16,15.0,NESTED LOOPS,,
0rchqc9t7puxd,3625102319,17,16.0,STATISTICS COLLECTOR,,
0rchqc9t7puxd,3625102319,18,17.0,NESTED LOOPS,,
0rchqc9t7puxd,3625102319,19,18.0,TABLE ACCESS,FULL,SYN$
0rchqc9t7puxd,3625102319,20,18.0,TABLE ACCESS,BY INDEX ROWID,USER$
0rchqc9t7puxd,3625102319,21,20.0,INDEX,UNIQUE SCAN,I_USER1
0rchqc9t7puxd,3625102319,22,16.0,TABLE ACCESS,BY INDEX ROWID BATCHED,OBJ$
0rchqc9t7puxd,3625102319,23,22.0,INDEX,RANGE SCAN,I_OBJ5
0rchqc9t7puxd,3625102319,24,15.0,TABLE ACCESS,FULL,OBJ$
0rchqc9t7puxd,3625102319,25,13.0,INDEX,RANGE SCAN,I_USER2
0rchqc9t7puxd,3625102319,26,12.0,INDEX,FULL SCAN,I_USER2
0rchqc9t7puxd,3625102319,27,10.0,TABLE ACCESS,BY INDEX ROWID BATCHED,OBJ$
0rchqc9t7puxd,3625102319,28,27.0,INDEX,RANGE SCAN,I_OBJ1
0rchqc9t7puxd,3625102319,29,9.0,TABLE ACCESS,FULL,OBJ$
0rchqc9t7puxd,3625102319,30,7.0,INDEX,RANGE SCAN,I_USER2
0rchqc9t7puxd,3625102319,31,6.0,INDEX,FULL SCAN,I_USER2
0rchqc9t7puxd,3625102319,32,4.0,TABLE ACCESS,CLUSTER,USER$
0rchqc9t7puxd,3625102319,33,32.0,INDEX,UNIQUE SCAN,I_USER#
0rchqc9t7puxd,3625102319,34,3.0,TABLE ACCESS,FULL,USER$
0rchqc9t7puxd,3625102319,35,2.0,TABLE ACCESS,BY INDEX ROWID BATCHED,USER_EDITIONING$
0rchqc9t7puxd,3625102319,36,35.0,INDEX,RANGE SCAN,I_USER_EDITIONING
0rchqc9t7puxd,3625102319,37,2.0,TABLE ACCESS,BY INDEX ROWID BATCHED,USER_EDITIONING$
0rchqc9t7puxd,3625102319,38,37.0,INDEX,RANGE SCAN,I_USER_EDITIONING
0rchqc9t7puxd,3625102319,39,2.0,NESTED LOOPS,SEMI,
0rchqc9t7puxd,3625102319,40,39.0,INDEX,SKIP SCAN,I_USER2
0rchqc9t7puxd,3625102319,41,39.0,INDEX,RANGE SCAN,I_OBJ4
0rchqc9t7puxd,3625102319,42,2.0,TABLE ACCESS,BY INDEX ROWID BATCHED,USER_EDITIONING$
0rchqc9t7puxd,3625102319,43,42.0,INDEX,RANGE SCAN,I_USER_EDITIONING
0rchqc9t7puxd,3625102319,44,2.0,TABLE ACCESS,BY INDEX ROWID BATCHED,USER_EDITIONING$
0rchqc9t7puxd,3625102319,45,44.0,INDEX,RANGE SCAN,I_USER_EDITIONING
0rchqc9t7puxd,3625102319,46,2.0,NESTED LOOPS,SEMI,
0rchqc9t7puxd,3625102319,47,46.0,INDEX,SKIP SCAN,I_USER2
0rchqc9t7puxd,3625102319,48,46.0,INDEX,RANGE SCAN,I_OBJ4
d9q2q82g1tuzx,395742348,0,,SELECT STATEMENT,,
d9q2q82g1tuzx,395742348,1,0.0,TABLE ACCESS,FULL,SERVICE$
d9q2q82g1tuzx,395742348,0,,SELECT STATEMENT,,
d9q2q82g1tuzx,395742348,1,0.0,TABLE ACCESS,FULL,SERVICE$
dfkak2dp95v1g,3869398808,0,,SELECT STATEMENT,,
dfkak2dp95v1g,3869398808,1,0.0,SORT,ORDER BY,
dfkak2dp95v1g,3869398808,2,1.0,TABLE ACCESS,FULL,AUD$
121ffmrc95v7g,2542797530,0,,SELECT STATEMENT,,
121ffmrc95v7g,2542797530,1,0.0,SORT,ORDER BY,
121ffmrc95v7g,2542797530,2,1.0,HASH JOIN,OUTER,
121ffmrc95v7g,2542797530,3,2.0,NESTED LOOPS,OUTER,
121ffmrc95v7g,2542797530,4,3.0,TABLE ACCESS,CLUSTER,IND$
121ffmrc95v7g,2542797530,5,4.0,INDEX,UNIQUE SCAN,I_OBJ#
121ffmrc95v7g,2542797530,6,3.0,TABLE ACCESS,BY INDEX ROWID,IND_STATS$
121ffmrc95v7g,2542797530,7,6.0,INDEX,UNIQUE SCAN,I_IND_STATS$_OBJ#
121ffmrc95v7g,2542797530,8,2.0,VIEW,,
121ffmrc95v7g,2542797530,9,8.0,SORT,GROUP BY,
121ffmrc95v7g,2542797530,10,9.0,TABLE ACCESS,CLUSTER,CDEF$
121ffmrc95v7g,2542797530,11,10.0,INDEX,UNIQUE SCAN,I_COBJ#
121ffmrc95v7g,2542797530,0,,SELECT STATEMENT,,
121ffmrc95v7g,2542797530,1,0.0,SORT,ORDER BY,
121ffmrc95v7g,2542797530,2,1.0,HASH JOIN,OUTER,
121ffmrc95v7g,2542797530,3,2.0,NESTED LOOPS,OUTER,
121ffmrc95v7g,2542797530,4,3.0,TABLE ACCESS,CLUSTER,IND$
121ffmrc95v7g,2542797530,5,4.0,INDEX,UNIQUE SCAN,I_OBJ#
121ffmrc95v7g,2542797530,6,3.0,TABLE ACCESS,BY INDEX ROWID,IND_STATS$
121ffmrc95v7g,2542797530,7,6.0,INDEX,UNIQUE SCAN,I_IND_STATS$_OBJ#
121ffmrc95v7g,2542797530,8,2.0,VIEW,,
121ffmrc95v7g,2542797530,9,8.0,SORT,GROUP BY,
121ffmrc95v7g,2542797530,10,9.0,TABLE ACCESS,CLUSTER,CDEF$
121ffmrc95v7g,2542797530,11,10.0,INDEX,UNIQUE SCAN,I_COBJ#
121ffmrc95v7g,2542797530,0,,SELECT STATEMENT,,
121ffmrc95v7g,2542797530,1,0.0,SORT,ORDER BY,
121ffmrc95v7g,2542797530,2,1.0,HASH JOIN,OUTER,
121ffmrc95v7g,2542797530,3,2.0,NESTED LOOPS,OUTER,
121ffmrc95v7g,2542797530,4,3.0,TABLE ACCESS,CLUSTER,IND$
121ffmrc95v7g,2542797530,5,4.0,INDEX,UNIQUE SCAN,I_OBJ#
121ffmrc95v7g,2542797530,6,3.0,TABLE ACCESS,BY INDEX ROWID,IND_STATS$
121ffmrc95v7g,2542797530,7,6.0,INDEX,UNIQUE SCAN,I_IND_STATS$_OBJ#
121ffmrc95v7g,2542797530,8,2.0,VIEW,,
121ffmrc95v7g,2542797530,9,8.0,SORT,GROUP BY,
121ffmrc95v7g,2542797530,10,9.0,TABLE ACCESS,CLUSTER,CDEF$
121ffmrc95v7g,2542797530,11,10.0,INDEX,UNIQUE SCAN,I_COBJ#
bkjjva7hjxw65,877033525,0,,SELECT STATEMENT,,
bkjjva7hjxw65,877033525,1,0.0,TABLE ACCESS,FULL,SYS_FBA_BARRIERSCN
fzrshwabvtwc0,2623624437,0,,SELECT STATEMENT,,
fzrshwabvtwc0,2623624437,1,0.0,SORT,AGGREGATE,
fzrshwabvtwc0,2623624437,2,1.0,INDEX,FULL SCAN (MIN/MAX),SYS_C001807
a3jpjzh7mtwwp,2317816222,0,,SELECT STATEMENT,,
a3jpjzh7mtwwp,2317816222,1,0.0,TABLE ACCESS,BY INDEX ROWID,IDL_UB2$
a3jpjzh7mtwwp,2317816222,2,1.0,INDEX,RANGE SCAN,I_IDL_UB21
d7zvk9bn8dyr6,3646447030,0,,SELECT STATEMENT,,
d7zvk9bn8dyr6,3646447030,1,0.0,TABLE ACCESS,BY INDEX ROWID,OPT_DIRECTIVE_OWN$
d7zvk9bn8dyr6,3646447030,2,1.0,INDEX,UNIQUE SCAN,I_OPT_DIRECTIVE_OWN#
3fyp64nvs5ysq,3869398808,0,,SELECT STATEMENT,,
3fyp64nvs5ysq,3869398808,1,0.0,SORT,ORDER BY,
3fyp64nvs5ysq,3869398808,2,1.0,TABLE ACCESS,FULL,AUD$
6h3cwmunz5z8q,2968095032,0,,SELECT STATEMENT,,
6h3cwmunz5z8q,2968095032,1,0.0,SORT,GROUP BY,
6h3cwmunz5z8q,2968095032,2,1.0,TABLE ACCESS,BY INDEX ROWID BATCHED,OBJAUTH$
6h3cwmunz5z8q,2968095032,3,2.0,INDEX,RANGE SCAN,I_OBJAUTH1
0b639nx4zdzxr,2321277860,0,,SELECT STATEMENT,,
0b639nx4zdzxr,2321277860,1,0.0,TABLE ACCESS,BY INDEX ROWID,IM_DOMAIN$
0b639nx4zdzxr,2321277860,2,1.0,INDEX,UNIQUE SCAN,IM_DOMAIN_UK
ggfbp7y9kq0bj,2876881000,0,,SELECT STATEMENT,,
ggfbp7y9kq0bj,2876881000,1,0.0,SORT,AGGREGATE,
ggfbp7y9kq0bj,2876881000,2,1.0,FILTER,,
ggfbp7y9kq0bj,2876881000,3,2.0,HASH JOIN,,
ggfbp7y9kq0bj,2876881000,4,3.0,NESTED LOOPS,,
ggfbp7y9kq0bj,2876881000,5,4.0,STATISTICS COLLECTOR,,
ggfbp7y9kq0bj,2876881000,6,5.0,HASH JOIN,,
ggfbp7y9kq0bj,2876881000,7,6.0,NESTED LOOPS,,
ggfbp7y9kq0bj,2876881000,8,7.0,STATISTICS COLLECTOR,,
ggfbp7y9kq0bj,2876881000,9,8.0,HASH JOIN,,
ggfbp7y9kq0bj,2876881000,10,9.0,NESTED LOOPS,,
ggfbp7y9kq0bj,2876881000,11,10.0,STATISTICS COLLECTOR,,
ggfbp7y9kq0bj,2876881000,12,11.0,HASH JOIN,,
ggfbp7y9kq0bj,2876881000,13,12.0,NESTED LOOPS,,
ggfbp7y9kq0bj,2876881000,14,13.0,STATISTICS COLLECTOR,,
ggfbp7y9kq0bj,2876881000,15,14.0,HASH JOIN,,
ggfbp7y9kq0bj,2876881000,16,15.0,NESTED LOOPS,,
ggfbp7y9kq0bj,2876881000,17,16.0,STATISTICS COLLECTOR,,
ggfbp7y9kq0bj,2876881000,18,17.0,NESTED LOOPS,,
ggfbp7y9kq0bj,2876881000,19,18.0,TABLE ACCESS,FULL,SYN$
ggfbp7y9kq0bj,2876881000,20,18.0,TABLE ACCESS,BY INDEX ROWID,USER$
ggfbp7y9kq0bj,2876881000,21,20.0,INDEX,UNIQUE SCAN,I_USER1
ggfbp7y9kq0bj,2876881000,22,16.0,TABLE ACCESS,BY INDEX ROWID BATCHED,OBJ$
ggfbp7y9kq0bj,2876881000,23,22.0,INDEX,RANGE SCAN,I_OBJ5
ggfbp7y9kq0bj,2876881000,24,15.0,TABLE ACCESS,FULL,OBJ$
ggfbp7y9kq0bj,2876881000,25,13.0,INDEX,RANGE SCAN,I_USER2
ggfbp7y9kq0bj,2876881000,26,12.0,INDEX,FULL SCAN,I_USER2
ggfbp7y9kq0bj,2876881000,27,10.0,TABLE ACCESS,BY INDEX ROWID BATCHED,OBJ$
ggfbp7y9kq0bj,2876881000,28,27.0,INDEX,RANGE SCAN,I_OBJ1
ggfbp7y9kq0bj,2876881000,29,9.0,TABLE ACCESS,FULL,OBJ$
ggfbp7y9kq0bj,2876881000,30,7.0,INDEX,RANGE SCAN,I_USER2
ggfbp7y9kq0bj,2876881000,31,6.0,INDEX,FULL SCAN,I_USER2
ggfbp7y9kq0bj,2876881000,32,4.0,INDEX,RANGE SCAN,I_USER2
ggfbp7y9kq0bj,2876881000,33,3.0,INDEX,FULL SCAN,I_USER2
ggfbp7y9kq0bj,2876881000,34,2.0,TABLE ACCESS,BY INDEX ROWID BATCHED,USER_EDITIONING$
ggfbp7y9kq0bj,2876881000,35,34.0,INDEX,RANGE SCAN,I_USER_EDITIONING
ggfbp7y9kq0bj,2876881000,36,2.0,TABLE ACCESS,BY INDEX ROWID BATCHED,USER_EDITIONING$
ggfbp7y9kq0bj,2876881000,37,36.0,INDEX,RANGE SCAN,I_USER_EDITIONING
ggfbp7y9kq0bj,2876881000,38,2.0,NESTED LOOPS,SEMI,
ggfbp7y9kq0bj,2876881000,39,38.0,INDEX,SKIP SCAN,I_USER2
ggfbp7y9kq0bj,2876881000,40,38.0,INDEX,RANGE SCAN,I_OBJ4
ggfbp7y9kq0bj,2876881000,41,2.0,TABLE ACCESS,BY INDEX ROWID BATCHED,USER_EDITIONING$
ggfbp7y9kq0bj,2876881000,42,41.0,INDEX,RANGE SCAN,I_USER_EDITIONING
ggfbp7y9kq0bj,2876881000,43,2.0,TABLE ACCESS,BY INDEX ROWID BATCHED,USER_EDITIONING$
ggfbp7y9kq0bj,2876881000,44,43.0,INDEX,RANGE SCAN,I_USER_EDITIONING
ggfbp7y9kq0bj,2876881000,45,2.0,NESTED LOOPS,SEMI,
ggfbp7y9kq0bj,2876881000,46,45.0,INDEX,SKIP SCAN,I_USER2
ggfbp7y9kq0bj,2876881000,47,45.0,INDEX,RANGE SCAN,I_OBJ4
1b9s9bgmy20hc,1878347372,0,,SELECT STATEMENT,,
1b9s9bgmy20hc,1878347372,1,0.0,INDEX,SKIP SCAN,I_AUD_CONTEXT
03guhbfpak0w7,3246118364,0,,SELECT STATEMENT,,
03guhbfpak0w7,3246118364,1,0.0,TABLE ACCESS,BY INDEX ROWID,IDL_UB1$
03guhbfpak0w7,3246118364,2,1.0,INDEX,RANGE SCAN,I_IDL_UB11
9p6bq1v54k13j,415205717,0,,SELECT STATEMENT,,
9p6bq1v54k13j,415205717,1,0.0,TABLE ACCESS,FULL,PROPS$
f5p7gttxuk166,2259749656,0,,SELECT STATEMENT,,
f5p7gttxuk166,2259749656,1,0.0,SORT,AGGREGATE,
f5p7gttxuk166,2259749656,2,1.0,TABLE ACCESS,FULL,INSERT_TSN_LIST$
59nx89ywvq1cx,1388734953,0,,SELECT STATEMENT,,
59nx89ywvq1cx,1388734953,1,0.0,FAST DUAL,,
axmdf8vq7k1rh,2203911306,0,,SELECT STATEMENT,,
axmdf8vq7k1rh,2203911306,1,0.0,TABLE ACCESS,BY INDEX ROWID,SEQ$
axmdf8vq7k1rh,2203911306,2,1.0,INDEX,UNIQUE SCAN,I_SEQ1
b6t1wu2k8k380,2100259255,0,,SELECT STATEMENT,,
b6t1wu2k8k380,2100259255,1,0.0,RESULT CACHE,,afh8upn3xsqjw487f7ck2nzp1d
b6t1wu2k8k380,2100259255,2,1.0,VIEW,,INT$DBA_PROCEDURES
b6t1wu2k8k380,2100259255,3,2.0,UNION-ALL,,
b6t1wu2k8k380,2100259255,4,3.0,FILTER,,
b6t1wu2k8k380,2100259255,5,4.0,NESTED LOOPS,OUTER,
b6t1wu2k8k380,2100259255,6,5.0,NESTED LOOPS,OUTER,
b6t1wu2k8k380,2100259255,7,6.0,HASH JOIN,,
b6t1wu2k8k380,2100259255,8,7.0,HASH JOIN,,
b6t1wu2k8k380,2100259255,9,8.0,NESTED LOOPS,,
b6t1wu2k8k380,2100259255,10,9.0,STATISTICS COLLECTOR,,
b6t1wu2k8k380,2100259255,11,10.0,NESTED LOOPS,,
b6t1wu2k8k380,2100259255,12,11.0,TABLE ACCESS,BY INDEX ROWID,USER$
b6t1wu2k8k380,2100259255,13,12.0,INDEX,UNIQUE SCAN,I_USER1
b6t1wu2k8k380,2100259255,14,11.0,TABLE ACCESS,BY INDEX ROWID BATCHED,OBJ$
b6t1wu2k8k380,2100259255,15,14.0,INDEX,RANGE SCAN,I_OBJ5
b6t1wu2k8k380,2100259255,16,9.0,INDEX,RANGE SCAN,I_USER2
b6t1wu2k8k380,2100259255,17,8.0,INDEX,FULL SCAN,I_USER2
b6t1wu2k8k380,2100259255,18,7.0,TABLE ACCESS,FULL,PROCEDUREINFO$
b6t1wu2k8k380,2100259255,19,6.0,VIEW PUSHED PREDICATE,,_CURRENT_EDITION_OBJ
b6t1wu2k8k380,2100259255,20,19.0,FILTER,,
b6t1wu2k8k380,2100259255,21,20.0,NESTED LOOPS,,
b6t1wu2k8k380,2100259255,22,21.0,TABLE ACCESS,BY INDEX ROWID BATCHED,OBJ$
b6t1wu2k8k380,2100259255,23,22.0,INDEX,RANGE SCAN,I_OBJ1
b6t1wu2k8k380,2100259255,24,21.0,INDEX,RANGE SCAN,I_USER2
b6t1wu2k8k380,2100259255,25,20.0,TABLE ACCESS,BY INDEX ROWID BATCHED,USER_EDITIONING$
b6t1wu2k8k380,2100259255,26,25.0,INDEX,RANGE SCAN,I_USER_EDITIONING
b6t1wu2k8k380,2100259255,27,20.0,TABLE ACCESS,BY INDEX ROWID BATCHED,USER_EDITIONING$
b6t1wu2k8k380,2100259255,28,27.0,INDEX,RANGE SCAN,I_USER_EDITIONING
b6t1wu2k8k380,2100259255,29,20.0,NESTED LOOPS,SEMI,
b6t1wu2k8k380,2100259255,30,29.0,INDEX,SKIP SCAN,I_USER2
b6t1wu2k8k380,2100259255,31,29.0,INDEX,RANGE SCAN,I_OBJ4
b6t1wu2k8k380,2100259255,32,5.0,INDEX,RANGE SCAN,I_USER2
b6t1wu2k8k380,2100259255,33,4.0,TABLE ACCESS,BY INDEX ROWID BATCHED,USER_EDITIONING$
b6t1wu2k8k380,2100259255,34,33.0,INDEX,RANGE SCAN,I_USER_EDITIONING
b6t1wu2k8k380,2100259255,35,4.0,TABLE ACCESS,BY INDEX ROWID BATCHED,USER_EDITIONING$
b6t1wu2k8k380,2100259255,36,35.0,INDEX,RANGE SCAN,I_USER_EDITIONING
b6t1wu2k8k380,2100259255,37,4.0,NESTED LOOPS,SEMI,
b6t1wu2k8k380,2100259255,38,37.0,INDEX,SKIP SCAN,I_USER2
b6t1wu2k8k380,2100259255,39,37.0,INDEX,RANGE SCAN,I_OBJ4
b6t1wu2k8k380,2100259255,40,3.0,FILTER,,
b6t1wu2k8k380,2100259255,41,40.0,FILTER,,
b6t1wu2k8k380,2100259255,42,41.0,HASH JOIN,OUTER,
b6t1wu2k8k380,2100259255,43,42.0,HASH JOIN,,
b6t1wu2k8k380,2100259255,44,43.0,NESTED LOOPS,,
b6t1wu2k8k380,2100259255,45,44.0,STATISTICS COLLECTOR,,
b6t1wu2k8k380,2100259255,46,45.0,NESTED LOOPS,,
b6t1wu2k8k380,2100259255,47,46.0,TABLE ACCESS,BY INDEX ROWID,USER$
b6t1wu2k8k380,2100259255,48,47.0,INDEX,UNIQUE SCAN,I_USER1
b6t1wu2k8k380,2100259255,49,46.0,TABLE ACCESS,BY INDEX ROWID BATCHED,OBJ$
b6t1wu2k8k380,2100259255,50,49.0,INDEX,RANGE SCAN,I_OBJ5
b6t1wu2k8k380,2100259255,51,44.0,INDEX,RANGE SCAN,I_USER2
b6t1wu2k8k380,2100259255,52,43.0,INDEX,FULL SCAN,I_USER2
b6t1wu2k8k380,2100259255,53,42.0,TABLE ACCESS,FULL,PROCEDUREINFO$
b6t1wu2k8k380,2100259255,54,40.0,TABLE ACCESS,BY INDEX ROWID BATCHED,USER_EDITIONING$
b6t1wu2k8k380,2100259255,55,54.0,INDEX,RANGE SCAN,I_USER_EDITIONING
b6t1wu2k8k380,2100259255,56,40.0,TABLE ACCESS,BY INDEX ROWID BATCHED,USER_EDITIONING$
b6t1wu2k8k380,2100259255,57,56.0,INDEX,RANGE SCAN,I_USER_EDITIONING
b6t1wu2k8k380,2100259255,58,40.0,NESTED LOOPS,SEMI,
b6t1wu2k8k380,2100259255,59,58.0,INDEX,SKIP SCAN,I_USER2
b6t1wu2k8k380,2100259255,60,58.0,INDEX,RANGE SCAN,I_OBJ4
19x1189chq3xd,695011298,0,,SELECT STATEMENT,,
19x1189chq3xd,695011298,1,0.0,FOR UPDATE,,
19x1189chq3xd,695011298,2,1.0,TABLE ACCESS,BY INDEX ROWID,DBMS_LOCK_ALLOCATED
19x1189chq3xd,695011298,3,2.0,INDEX,UNIQUE SCAN,SYS_C004995
04kug40zbu4dm,4006480256,0,,SELECT STATEMENT,,
04kug40zbu4dm,4006480256,1,0.0,TABLE ACCESS,FULL,AUD_OBJECT_OPT$
d7219snrdf519,1388734953,0,,SELECT STATEMENT,,
d7219snrdf519,1388734953,1,0.0,FAST DUAL,,
654dxyu0ha69d,3833191655,0,,SELECT STATEMENT,,
654dxyu0ha69d,3833191655,1,0.0,SORT,ORDER BY,
654dxyu0ha69d,3833191655,2,1.0,VIEW,,DBA_SYS_PRIVS
654dxyu0ha69d,3833191655,3,2.0,UNION-ALL,,
654dxyu0ha69d,3833191655,4,3.0,HASH,GROUP BY,
654dxyu0ha69d,3833191655,5,4.0,HASH JOIN,,
654dxyu0ha69d,3833191655,6,5.0,HASH JOIN,,
654dxyu0ha69d,3833191655,7,6.0,TABLE ACCESS,FULL,SYSAUTH$
654dxyu0ha69d,3833191655,8,6.0,DATA LINK,FULL,SYSTEM_PRIVILEGE_MAP
654dxyu0ha69d,3833191655,9,5.0,TABLE ACCESS,FULL,USER$
654dxyu0ha69d,3833191655,10,3.0,HASH,GROUP BY,
654dxyu0ha69d,3833191655,11,10.0,HASH JOIN,,
654dxyu0ha69d,3833191655,12,11.0,TABLE ACCESS,FULL,USER$
654dxyu0ha69d,3833191655,13,11.0,HASH JOIN,,
654dxyu0ha69d,3833191655,14,13.0,DATA LINK,FULL,SYSTEM_PRIVILEGE_MAP
654dxyu0ha69d,3833191655,15,13.0,TABLE ACCESS,FULL,SYSAUTH$
654dxyu0ha69d,3833191655,16,3.0,HASH,GROUP BY,
654dxyu0ha69d,3833191655,17,16.0,HASH JOIN,,
654dxyu0ha69d,3833191655,18,17.0,HASH JOIN,,
654dxyu0ha69d,3833191655,19,18.0,TABLE ACCESS,FULL,SYSAUTH$
654dxyu0ha69d,3833191655,20,18.0,DATA LINK,FULL,SYSTEM_PRIVILEGE_MAP
654dxyu0ha69d,3833191655,21,17.0,TABLE ACCESS,FULL,USER$
b80uys4v5f6at,3136268884,0,,SELECT STATEMENT,,
b80uys4v5f6at,3136268884,1,0.0,SORT,AGGREGATE,
b80uys4v5f6at,3136268884,2,1.0,TABLE ACCESS,FULL,CHNF$_REG_QUERIES
7vukkk6k166q2,1218651488,0,,SELECT STATEMENT,,
7vukkk6k166q2,1218651488,1,0.0,COUNT,STOPKEY,
7vukkk6k166q2,1218651488,2,1.0,INDEX,FULL SCAN,AQ$_SUBSCRIBER_TABLE_PRIMARY
c3zymn7x3k6wy,3446064519,0,,SELECT STATEMENT,,
c3zymn7x3k6wy,3446064519,1,0.0,TABLE ACCESS,BY INDEX ROWID,INDPART$
c3zymn7x3k6wy,3446064519,2,1.0,INDEX,RANGE SCAN,I_INDPART_BOPART$
4h0jc467cq70k,1388734953,0,,SELECT STATEMENT,,
4h0jc467cq70k,1388734953,1,0.0,FAST DUAL,,
1utpv7pkxf73v,3869398808,0,,SELECT STATEMENT,,
1utpv7pkxf73v,3869398808,1,0.0,SORT,ORDER BY,
1utpv7pkxf73v,3869398808,2,1.0,TABLE ACCESS,FULL,AUD$
8bfgn7a4ff82x,2388258944,0,,SELECT STATEMENT,,
8bfgn7a4ff82x,2388258944,1,0.0,SORT,AGGREGATE,
8bfgn7a4ff82x,2388258944,2,1.0,HASH JOIN,ANTI NA,
8bfgn7a4ff82x,2388258944,3,2.0,NESTED LOOPS,,
8bfgn7a4ff82x,2388258944,4,3.0,NESTED LOOPS,,
8bfgn7a4ff82x,2388258944,5,4.0,MERGE JOIN,CARTESIAN,
8bfgn7a4ff82x,2388258944,6,5.0,TABLE ACCESS,FULL,SCHEDULER$_WINDOW
8bfgn7a4ff82x,2388258944,7,5.0,BUFFER,SORT,
8bfgn7a4ff82x,2388258944,8,7.0,SORT,AGGREGATE,
8bfgn7a4ff82x,2388258944,9,8.0,VIEW,,
8bfgn7a4ff82x,2388258944,10,9.0,TABLE ACCESS,FULL,SYS_TEMP_0FD9D661E_170FB3
8bfgn7a4ff82x,2388258944,11,7.0,VIEW,,
8bfgn7a4ff82x,2388258944,12,11.0,TEMP TABLE TRANSFORMATION,,
8bfgn7a4ff82x,2388258944,13,12.0,LOAD AS SELECT,(CURSOR DURATION MEMORY),SYS_TEMP_0FD9D661E_170FB3
8bfgn7a4ff82x,2388258944,14,13.0,NESTED LOOPS,,
8bfgn7a4ff82x,2388258944,15,14.0,NESTED LOOPS,,
8bfgn7a4ff82x,2388258944,16,15.0,NESTED LOOPS,,
8bfgn7a4ff82x,2388258944,17,16.0,HASH JOIN,,
8bfgn7a4ff82x,2388258944,18,17.0,HASH JOIN,,
8bfgn7a4ff82x,2388258944,19,18.0,NESTED LOOPS,,
8bfgn7a4ff82x,2388258944,20,19.0,NESTED LOOPS,,
8bfgn7a4ff82x,2388258944,21,20.0,INDEX,FULL SCAN,SCHEDULER$_WINGRP_MEMBER_UQ
8bfgn7a4ff82x,2388258944,22,20.0,INDEX,RANGE SCAN,I_OBJ1
8bfgn7a4ff82x,2388258944,23,19.0,TABLE ACCESS,BY INDEX ROWID,OBJ$
8bfgn7a4ff82x,2388258944,24,18.0,FIXED TABLE,FULL,X$KETCL
8bfgn7a4ff82x,2388258944,25,17.0,TABLE ACCESS,BY INDEX ROWID BATCHED,KET$_CLIENT_CONFIG
8bfgn7a4ff82x,2388258944,26,25.0,INDEX,RANGE SCAN,KET$_CL_PK
8bfgn7a4ff82x,2388258944,27,16.0,TABLE ACCESS,BY INDEX ROWID,SCHEDULER$_WINDOW_GROUP
8bfgn7a4ff82x,2388258944,28,27.0,INDEX,UNIQUE SCAN,SCHEDULER$_WINDOW_GROUP_PK
8bfgn7a4ff82x,2388258944,29,15.0,INDEX,RANGE SCAN,I_OBJ1
8bfgn7a4ff82x,2388258944,30,14.0,TABLE ACCESS,BY INDEX ROWID,OBJ$
8bfgn7a4ff82x,2388258944,31,12.0,HASH JOIN,,
8bfgn7a4ff82x,2388258944,32,31.0,NESTED LOOPS,,
8bfgn7a4ff82x,2388258944,33,32.0,NESTED LOOPS,,
8bfgn7a4ff82x,2388258944,34,33.0,STATISTICS COLLECTOR,,
8bfgn7a4ff82x,2388258944,35,34.0,HASH JOIN,,
8bfgn7a4ff82x,2388258944,36,35.0,NESTED LOOPS,,
8bfgn7a4ff82x,2388258944,37,36.0,STATISTICS COLLECTOR,,
8bfgn7a4ff82x,2388258944,38,37.0,HASH JOIN,,
8bfgn7a4ff82x,2388258944,39,38.0,NESTED LOOPS,,
8bfgn7a4ff82x,2388258944,40,39.0,STATISTICS COLLECTOR,,
8bfgn7a4ff82x,2388258944,41,40.0,MERGE JOIN,CARTESIAN,
8bfgn7a4ff82x,2388258944,42,41.0,HASH JOIN,,
8bfgn7a4ff82x,2388258944,43,42.0,NESTED LOOPS,,
8bfgn7a4ff82x,2388258944,44,43.0,NESTED LOOPS,,
8bfgn7a4ff82x,2388258944,45,44.0,STATISTICS COLLECTOR,,
8bfgn7a4ff82x,2388258944,46,45.0,NESTED LOOPS,,
8bfgn7a4ff82x,2388258944,47,46.0,INDEX,SKIP SCAN,I_OBJ5
8bfgn7a4ff82x,2388258944,48,46.0,INDEX,RANGE SCAN,SCHEDULER$_WINGRP_MEMBER_UQ
8bfgn7a4ff82x,2388258944,49,44.0,INDEX,UNIQUE SCAN,SCHEDULER$_WINDOW_GROUP_PK
8bfgn7a4ff82x,2388258944,50,43.0,TABLE ACCESS,BY INDEX ROWID,SCHEDULER$_WINDOW_GROUP
8bfgn7a4ff82x,2388258944,51,42.0,TABLE ACCESS,FULL,SCHEDULER$_WINDOW_GROUP
8bfgn7a4ff82x,2388258944,52,41.0,BUFFER,SORT,
8bfgn7a4ff82x,2388258944,53,52.0,TABLE ACCESS,FULL,SCHEDULER$_WINDOW
8bfgn7a4ff82x,2388258944,54,39.0,TABLE ACCESS,BY INDEX ROWID BATCHED,OBJ$
8bfgn7a4ff82x,2388258944,55,54.0,INDEX,RANGE SCAN,I_OBJ1
8bfgn7a4ff82x,2388258944,56,38.0,INDEX,FAST FULL SCAN,I_OBJ2
8bfgn7a4ff82x,2388258944,57,36.0,INDEX,RANGE SCAN,I_USER2
8bfgn7a4ff82x,2388258944,58,35.0,INDEX,FULL SCAN,I_USER2
8bfgn7a4ff82x,2388258944,59,33.0,INDEX,RANGE SCAN,I_OBJ1
8bfgn7a4ff82x,2388258944,60,32.0,TABLE ACCESS,BY INDEX ROWID,OBJ$
8bfgn7a4ff82x,2388258944,61,31.0,INDEX,FAST FULL SCAN,I_OBJ2
8bfgn7a4ff82x,2388258944,62,4.0,TABLE ACCESS,BY INDEX ROWID BATCHED,OBJ$
8bfgn7a4ff82x,2388258944,63,62.0,INDEX,RANGE SCAN,I_OBJ1
8bfgn7a4ff82x,2388258944,64,3.0,INDEX,RANGE SCAN,I_USER2
8bfgn7a4ff82x,2388258944,65,2.0,TABLE ACCESS,FULL,SCHEDULER$_EVENT_LOG
adds4wma0y8c4,1035334878,0,,SELECT STATEMENT,,
adds4wma0y8c4,1035334878,1,0.0,NESTED LOOPS,OUTER,
adds4wma0y8c4,1035334878,2,1.0,TABLE ACCESS,BY INDEX ROWID,TABPART$
adds4wma0y8c4,1035334878,3,2.0,INDEX,RANGE SCAN,I_TABPART_BOPART$
adds4wma0y8c4,1035334878,4,1.0,TABLE ACCESS,BY INDEX ROWID,TAB_STATS$
adds4wma0y8c4,1035334878,5,4.0,INDEX,UNIQUE SCAN,I_TAB_STATS$_OBJ#
7s3kbm6k1u8hp,280637965,0,,SELECT STATEMENT,,
7s3kbm6k1u8hp,280637965,1,0.0,TABLE ACCESS,FULL,SYSTEM_PRIVILEGE_MAP
9sg6u8xys290z,2413195046,0,,SELECT STATEMENT,,
9sg6u8xys290z,2413195046,1,0.0,SORT,AGGREGATE,
9sg6u8xys290z,2413195046,2,1.0,VIEW,,
9sg6u8xys290z,2413195046,3,2.0,TABLE ACCESS,FULL,SYS_TEMP_0FD9D661D_170FB3
9sg6u8xys290z,2413195046,4,0.0,SORT,AGGREGATE,
9sg6u8xys290z,2413195046,5,4.0,SORT,AGGREGATE,
9sg6u8xys290z,2413195046,6,5.0,VIEW,,
9sg6u8xys290z,2413195046,7,6.0,TABLE ACCESS,FULL,SYS_TEMP_0FD9D661D_170FB3
9sg6u8xys290z,2413195046,8,4.0,VIEW,,
9sg6u8xys290z,2413195046,9,8.0,TEMP TABLE TRANSFORMATION,,
9sg6u8xys290z,2413195046,10,9.0,LOAD AS SELECT,(CURSOR DURATION MEMORY),SYS_TEMP_0FD9D661D_170FB3
9sg6u8xys290z,2413195046,11,10.0,NESTED LOOPS,,
9sg6u8xys290z,2413195046,12,11.0,NESTED LOOPS,,
9sg6u8xys290z,2413195046,13,12.0,NESTED LOOPS,,
9sg6u8xys290z,2413195046,14,13.0,HASH JOIN,,
9sg6u8xys290z,2413195046,15,14.0,HASH JOIN,,
9sg6u8xys290z,2413195046,16,15.0,NESTED LOOPS,,
9sg6u8xys290z,2413195046,17,16.0,NESTED LOOPS,,
9sg6u8xys290z,2413195046,18,17.0,INDEX,FULL SCAN,SCHEDULER$_WINGRP_MEMBER_UQ
9sg6u8xys290z,2413195046,19,17.0,INDEX,RANGE SCAN,I_OBJ1
9sg6u8xys290z,2413195046,20,16.0,TABLE ACCESS,BY INDEX ROWID,OBJ$
9sg6u8xys290z,2413195046,21,15.0,FIXED TABLE,FULL,X$KETCL
9sg6u8xys290z,2413195046,22,14.0,TABLE ACCESS,BY INDEX ROWID BATCHED,KET$_CLIENT_CONFIG
9sg6u8xys290z,2413195046,23,22.0,INDEX,RANGE SCAN,KET$_CL_PK
9sg6u8xys290z,2413195046,24,13.0,TABLE ACCESS,BY INDEX ROWID,SCHEDULER$_WINDOW_GROUP
9sg6u8xys290z,2413195046,25,24.0,INDEX,UNIQUE SCAN,SCHEDULER$_WINDOW_GROUP_PK
9sg6u8xys290z,2413195046,26,12.0,INDEX,RANGE SCAN,I_OBJ1
9sg6u8xys290z,2413195046,27,11.0,TABLE ACCESS,BY INDEX ROWID,OBJ$
9sg6u8xys290z,2413195046,28,9.0,HASH JOIN,,
9sg6u8xys290z,2413195046,29,28.0,NESTED LOOPS,,
9sg6u8xys290z,2413195046,30,29.0,NESTED LOOPS,,
9sg6u8xys290z,2413195046,31,30.0,STATISTICS COLLECTOR,,
9sg6u8xys290z,2413195046,32,31.0,HASH JOIN,,
9sg6u8xys290z,2413195046,33,32.0,NESTED LOOPS,,
9sg6u8xys290z,2413195046,34,33.0,STATISTICS COLLECTOR,,
9sg6u8xys290z,2413195046,35,34.0,HASH JOIN,,
9sg6u8xys290z,2413195046,36,35.0,NESTED LOOPS,,
9sg6u8xys290z,2413195046,37,36.0,STATISTICS COLLECTOR,,
9sg6u8xys290z,2413195046,38,37.0,MERGE JOIN,CARTESIAN,
9sg6u8xys290z,2413195046,39,38.0,HASH JOIN,,
9sg6u8xys290z,2413195046,40,39.0,NESTED LOOPS,,
9sg6u8xys290z,2413195046,41,40.0,NESTED LOOPS,,
9sg6u8xys290z,2413195046,42,41.0,STATISTICS COLLECTOR,,
9sg6u8xys290z,2413195046,43,42.0,NESTED LOOPS,,
9sg6u8xys290z,2413195046,44,43.0,INDEX,SKIP SCAN,I_OBJ5
9sg6u8xys290z,2413195046,45,43.0,INDEX,RANGE SCAN,SCHEDULER$_WINGRP_MEMBER_UQ
9sg6u8xys290z,2413195046,46,41.0,INDEX,UNIQUE SCAN,SCHEDULER$_WINDOW_GROUP_PK
9sg6u8xys290z,2413195046,47,40.0,TABLE ACCESS,BY INDEX ROWID,SCHEDULER$_WINDOW_GROUP
9sg6u8xys290z,2413195046,48,39.0,TABLE ACCESS,FULL,SCHEDULER$_WINDOW_GROUP
9sg6u8xys290z,2413195046,49,38.0,BUFFER,SORT,
9sg6u8xys290z,2413195046,50,49.0,TABLE ACCESS,FULL,SCHEDULER$_WINDOW
9sg6u8xys290z,2413195046,51,36.0,TABLE ACCESS,BY INDEX ROWID BATCHED,OBJ$
9sg6u8xys290z,2413195046,52,51.0,INDEX,RANGE SCAN,I_OBJ1
9sg6u8xys290z,2413195046,53,35.0,INDEX,FAST FULL SCAN,I_OBJ2
9sg6u8xys290z,2413195046,54,33.0,INDEX,RANGE SCAN,I_USER2
9sg6u8xys290z,2413195046,55,32.0,INDEX,FULL SCAN,I_USER2
9sg6u8xys290z,2413195046,56,30.0,INDEX,RANGE SCAN,I_OBJ1
9sg6u8xys290z,2413195046,57,29.0,TABLE ACCESS,BY INDEX ROWID,OBJ$
9sg6u8xys290z,2413195046,58,28.0,INDEX,FAST FULL SCAN,I_OBJ2
c8h20n1d0k95m,1097271556,0,,SELECT STATEMENT,,
c8h20n1d0k95m,1097271556,1,0.0,TABLE ACCESS,FULL,OPTSTAT_HIST_CONTROL$
fnf5tnd1029kv,3774508753,0,,SELECT STATEMENT,,
fnf5tnd1029kv,3774508753,1,0.0,FILTER,,
fnf5tnd1029kv,3774508753,2,1.0,FILTER,,
fnf5tnd1029kv,3774508753,3,2.0,NESTED LOOPS,OUTER,
fnf5tnd1029kv,3774508753,4,3.0,HASH JOIN,,
fnf5tnd1029kv,3774508753,5,4.0,INDEX,FULL SCAN,I_USER2
fnf5tnd1029kv,3774508753,6,4.0,HASH JOIN,,
fnf5tnd1029kv,3774508753,7,6.0,INDEX,FULL SCAN,I_USER2
fnf5tnd1029kv,3774508753,8,6.0,HASH JOIN,,
fnf5tnd1029kv,3774508753,9,8.0,HASH JOIN,OUTER,
fnf5tnd1029kv,3774508753,10,9.0,HASH JOIN,RIGHT OUTER,
fnf5tnd1029kv,3774508753,11,10.0,INDEX,FULL SCAN,I_USER2
fnf5tnd1029kv,3774508753,12,10.0,HASH JOIN,OUTER,
fnf5tnd1029kv,3774508753,13,12.0,NESTED LOOPS,OUTER,
fnf5tnd1029kv,3774508753,14,13.0,TABLE ACCESS,FULL,COL$
fnf5tnd1029kv,3774508753,15,13.0,TABLE ACCESS,BY INDEX ROWID,COLTYPE$
fnf5tnd1029kv,3774508753,16,15.0,INDEX,UNIQUE SCAN,I_COLTYPE2
fnf5tnd1029kv,3774508753,17,12.0,TABLE ACCESS,BY INDEX ROWID BATCHED,OBJ$
fnf5tnd1029kv,3774508753,18,17.0,INDEX,SKIP SCAN,I_OBJ1
fnf5tnd1029kv,3774508753,19,9.0,INDEX,FAST FULL SCAN,I_HH_OBJ#_INTCOL#
fnf5tnd1029kv,3774508753,20,8.0,TABLE ACCESS,FULL,OBJ$
fnf5tnd1029kv,3774508753,21,3.0,TABLE ACCESS,CLUSTER,TAB$
fnf5tnd1029kv,3774508753,22,21.0,INDEX,UNIQUE SCAN,I_OBJ#
fnf5tnd1029kv,3774508753,23,1.0,TABLE ACCESS,CLUSTER,TAB$
fnf5tnd1029kv,3774508753,24,23.0,INDEX,UNIQUE SCAN,I_OBJ#
fnf5tnd1029kv,3774508753,25,1.0,TABLE ACCESS,BY INDEX ROWID BATCHED,USER_EDITIONING$
fnf5tnd1029kv,3774508753,26,25.0,INDEX,RANGE SCAN,I_USER_EDITIONING
fnf5tnd1029kv,3774508753,27,1.0,TABLE ACCESS,BY INDEX ROWID BATCHED,USER_EDITIONING$
fnf5tnd1029kv,3774508753,28,27.0,INDEX,RANGE SCAN,I_USER_EDITIONING
fnf5tnd1029kv,3774508753,29,1.0,NESTED LOOPS,SEMI,
fnf5tnd1029kv,3774508753,30,29.0,INDEX,SKIP SCAN,I_USER2
fnf5tnd1029kv,3774508753,31,29.0,INDEX,RANGE SCAN,I_OBJ4
6xvp6nxs4a9n4,3523134145,0,,SELECT STATEMENT,,
6xvp6nxs4a9n4,3523134145,1,0.0,SORT,AGGREGATE,
6xvp6nxs4a9n4,3523134145,2,1.0,TABLE ACCESS,BY INDEX ROWID BATCHED,RECYCLEBIN$
6xvp6nxs4a9n4,3523134145,3,2.0,INDEX,RANGE SCAN,RECYCLEBIN$_TS
dvbdp81qw2as2,280637965,0,,SELECT STATEMENT,,
dvbdp81qw2as2,280637965,1,0.0,TABLE ACCESS,FULL,SYSTEM_PRIVILEGE_MAP
7z9wmu1t3kawd,3524569045,0,,SELECT STATEMENT,,
7z9wmu1t3kawd,3524569045,1,0.0,SORT,AGGREGATE,
7z9wmu1t3kawd,3524569045,2,1.0,FILTER,,
7z9wmu1t3kawd,3524569045,3,2.0,HASH JOIN,,
7z9wmu1t3kawd,3524569045,4,3.0,NESTED LOOPS,,
7z9wmu1t3kawd,3524569045,5,4.0,STATISTICS COLLECTOR,,
7z9wmu1t3kawd,3524569045,6,5.0,HASH JOIN,,
7z9wmu1t3kawd,3524569045,7,6.0,NESTED LOOPS,,
7z9wmu1t3kawd,3524569045,8,7.0,STATISTICS COLLECTOR,,
7z9wmu1t3kawd,3524569045,9,8.0,MERGE JOIN,CARTESIAN,
7z9wmu1t3kawd,3524569045,10,9.0,NESTED LOOPS,,
7z9wmu1t3kawd,3524569045,11,10.0,TABLE ACCESS,FULL,SCHEDULER$_EVENT_LOG
7z9wmu1t3kawd,3524569045,12,10.0,TABLE ACCESS,FULL,SCHEDULER$_WINDOW
7z9wmu1t3kawd,3524569045,13,9.0,BUFFER,SORT,
7z9wmu1t3kawd,3524569045,14,13.0,SORT,AGGREGATE,
7z9wmu1t3kawd,3524569045,15,14.0,VIEW,,
7z9wmu1t3kawd,3524569045,16,15.0,TABLE ACCESS,FULL,SYS_TEMP_0FD9D661F_170FB3
7z9wmu1t3kawd,3524569045,17,13.0,VIEW,,
7z9wmu1t3kawd,3524569045,18,17.0,TEMP TABLE TRANSFORMATION,,
7z9wmu1t3kawd,3524569045,19,18.0,LOAD AS SELECT,(CURSOR DURATION MEMORY),SYS_TEMP_0FD9D661F_170FB3
7z9wmu1t3kawd,3524569045,20,19.0,NESTED LOOPS,,
7z9wmu1t3kawd,3524569045,21,20.0,NESTED LOOPS,,
7z9wmu1t3kawd,3524569045,22,21.0,NESTED LOOPS,,
7z9wmu1t3kawd,3524569045,23,22.0,HASH JOIN,,
7z9wmu1t3kawd,3524569045,24,23.0,HASH JOIN,,
7z9wmu1t3kawd,3524569045,25,24.0,NESTED LOOPS,,
7z9wmu1t3kawd,3524569045,26,25.0,NESTED LOOPS,,
7z9wmu1t3kawd,3524569045,27,26.0,INDEX,FULL SCAN,SCHEDULER$_WINGRP_MEMBER_UQ
7z9wmu1t3kawd,3524569045,28,26.0,INDEX,RANGE SCAN,I_OBJ1
7z9wmu1t3kawd,3524569045,29,25.0,TABLE ACCESS,BY INDEX ROWID,OBJ$
7z9wmu1t3kawd,3524569045,30,24.0,FIXED TABLE,FULL,X$KETCL
7z9wmu1t3kawd,3524569045,31,23.0,TABLE ACCESS,BY INDEX ROWID BATCHED,KET$_CLIENT_CONFIG
7z9wmu1t3kawd,3524569045,32,31.0,INDEX,RANGE SCAN,KET$_CL_PK
7z9wmu1t3kawd,3524569045,33,22.0,TABLE ACCESS,BY INDEX ROWID,SCHEDULER$_WINDOW_GROUP
7z9wmu1t3kawd,3524569045,34,33.0,INDEX,UNIQUE SCAN,SCHEDULER$_WINDOW_GROUP_PK
7z9wmu1t3kawd,3524569045,35,21.0,INDEX,RANGE SCAN,I_OBJ1
7z9wmu1t3kawd,3524569045,36,20.0,TABLE ACCESS,BY INDEX ROWID,OBJ$
7z9wmu1t3kawd,3524569045,37,18.0,HASH JOIN,,
7z9wmu1t3kawd,3524569045,38,37.0,NESTED LOOPS,,
7z9wmu1t3kawd,3524569045,39,38.0,NESTED LOOPS,,
7z9wmu1t3kawd,3524569045,40,39.0,STATISTICS COLLECTOR,,
7z9wmu1t3kawd,3524569045,41,40.0,HASH JOIN,,
7z9wmu1t3kawd,3524569045,42,41.0,NESTED LOOPS,,
7z9wmu1t3kawd,3524569045,43,42.0,STATISTICS COLLECTOR,,
7z9wmu1t3kawd,3524569045,44,43.0,HASH JOIN,,
7z9wmu1t3kawd,3524569045,45,44.0,NESTED LOOPS,,
7z9wmu1t3kawd,3524569045,46,45.0,STATISTICS COLLECTOR,,
7z9wmu1t3kawd,3524569045,47,46.0,MERGE JOIN,CARTESIAN,
7z9wmu1t3kawd,3524569045,48,47.0,HASH JOIN,,
7z9wmu1t3kawd,3524569045,49,48.0,NESTED LOOPS,,
7z9wmu1t3kawd,3524569045,50,49.0,NESTED LOOPS,,
7z9wmu1t3kawd,3524569045,51,50.0,STATISTICS COLLECTOR,,
7z9wmu1t3kawd,3524569045,52,51.0,NESTED LOOPS,,
7z9wmu1t3kawd,3524569045,53,52.0,INDEX,SKIP SCAN,I_OBJ5
7z9wmu1t3kawd,3524569045,54,52.0,INDEX,RANGE SCAN,SCHEDULER$_WINGRP_MEMBER_UQ
7z9wmu1t3kawd,3524569045,55,50.0,INDEX,UNIQUE SCAN,SCHEDULER$_WINDOW_GROUP_PK
7z9wmu1t3kawd,3524569045,56,49.0,TABLE ACCESS,BY INDEX ROWID,SCHEDULER$_WINDOW_GROUP
7z9wmu1t3kawd,3524569045,57,48.0,TABLE ACCESS,FULL,SCHEDULER$_WINDOW_GROUP
7z9wmu1t3kawd,3524569045,58,47.0,BUFFER,SORT,
7z9wmu1t3kawd,3524569045,59,58.0,TABLE ACCESS,FULL,SCHEDULER$_WINDOW
7z9wmu1t3kawd,3524569045,60,45.0,TABLE ACCESS,BY INDEX ROWID BATCHED,OBJ$
7z9wmu1t3kawd,3524569045,61,60.0,INDEX,RANGE SCAN,I_OBJ1
7z9wmu1t3kawd,3524569045,62,44.0,INDEX,FAST FULL SCAN,I_OBJ2
7z9wmu1t3kawd,3524569045,63,42.0,INDEX,RANGE SCAN,I_USER2
7z9wmu1t3kawd,3524569045,64,41.0,INDEX,FULL SCAN,I_USER2
7z9wmu1t3kawd,3524569045,65,39.0,INDEX,RANGE SCAN,I_OBJ1
7z9wmu1t3kawd,3524569045,66,38.0,TABLE ACCESS,BY INDEX ROWID,OBJ$
7z9wmu1t3kawd,3524569045,67,37.0,INDEX,FAST FULL SCAN,I_OBJ2
7z9wmu1t3kawd,3524569045,68,7.0,TABLE ACCESS,BY INDEX ROWID BATCHED,OBJ$
7z9wmu1t3kawd,3524569045,69,68.0,INDEX,RANGE SCAN,I_OBJ1
7z9wmu1t3kawd,3524569045,70,6.0,INDEX,FAST FULL SCAN,I_OBJ2
7z9wmu1t3kawd,3524569045,71,4.0,INDEX,RANGE SCAN,I_USER2
7z9wmu1t3kawd,3524569045,72,3.0,INDEX,FULL SCAN,I_USER2
7z9wmu1t3kawd,3524569045,73,2.0,SORT,AGGREGATE,
7z9wmu1t3kawd,3524569045,74,73.0,TABLE ACCESS,FULL,SCHEDULER$_EVENT_LOG
f7z6ub6j3qb42,2860024594,0,,DELETE STATEMENT,,
f7z6ub6j3qb42,2860024594,1,0.0,DELETE,,LTXID_TRANS
f7z6ub6j3qb42,2860024594,2,1.0,COUNT,STOPKEY,
f7z6ub6j3qb42,2860024594,3,2.0,PARTITION LIST,SINGLE,
f7z6ub6j3qb42,2860024594,4,3.0,INDEX,FULL SCAN,I_LTXID_TRANS$PK
230dc5n49yb74,2974321161,0,,SELECT STATEMENT,,
230dc5n49yb74,2974321161,1,0.0,TABLE ACCESS,FULL,ALL_UNIFIED_AUDIT_ACTIONS
33ynjnrxuycth,1274931313,0,,SELECT STATEMENT,,
33ynjnrxuycth,1274931313,1,0.0,SORT,ORDER BY,
33ynjnrxuycth,1274931313,2,1.0,DATA LINK,FULL,METAXSLPARAM$
0m78skf1mudnb,3506511888,0,,SELECT STATEMENT,,
0m78skf1mudnb,3506511888,1,0.0,TABLE ACCESS,CLUSTER,TYPE_MISC$
0m78skf1mudnb,3506511888,2,1.0,INDEX,UNIQUE SCAN,I_OBJ#
3jwcydvpa6f5t,3610110620,0,,SELECT STATEMENT,,
3jwcydvpa6f5t,3610110620,1,0.0,SORT,GROUP BY,
3jwcydvpa6f5t,3610110620,2,1.0,TABLE ACCESS,FULL,STATS_ADVISOR_FILTER_OBJ$
35ra2cdwvqg1w,3362549386,0,,SELECT STATEMENT,,
35ra2cdwvqg1w,3362549386,1,0.0,TABLE ACCESS,BY INDEX ROWID,PARTOBJ$
35ra2cdwvqg1w,3362549386,2,1.0,INDEX,UNIQUE SCAN,I_PARTOBJ$
35ra2cdwvqg1w,3362549386,0,,SELECT STATEMENT,,
35ra2cdwvqg1w,3362549386,1,0.0,TABLE ACCESS,BY INDEX ROWID,PARTOBJ$
35ra2cdwvqg1w,3362549386,2,1.0,INDEX,UNIQUE SCAN,I_PARTOBJ$
1vxbvm6m4ug43,3869398808,0,,SELECT STATEMENT,,
1vxbvm6m4ug43,3869398808,1,0.0,SORT,ORDER BY,
1vxbvm6m4ug43,3869398808,2,1.0,TABLE ACCESS,FULL,AUD$
avvfapa4gfgc4,3390427666,0,,SELECT STATEMENT,,
avvfapa4gfgc4,3390427666,1,0.0,HASH JOIN,OUTER,
avvfapa4gfgc4,3390427666,2,1.0,HASH JOIN,OUTER,
avvfapa4gfgc4,3390427666,3,2.0,NESTED LOOPS,OUTER,
avvfapa4gfgc4,3390427666,4,3.0,STATISTICS COLLECTOR,,
avvfapa4gfgc4,3390427666,5,4.0,HASH JOIN,OUTER,
avvfapa4gfgc4,3390427666,6,5.0,NESTED LOOPS,OUTER,
avvfapa4gfgc4,3390427666,7,6.0,STATISTICS COLLECTOR,,
avvfapa4gfgc4,3390427666,8,7.0,TABLE ACCESS,FULL,SCHEDULER$_JOB
avvfapa4gfgc4,3390427666,9,6.0,TABLE ACCESS,BY INDEX ROWID,SCHEDULER$_PROGRAM
avvfapa4gfgc4,3390427666,10,9.0,INDEX,UNIQUE SCAN,SCHEDULER$_PROGRAM_PK
avvfapa4gfgc4,3390427666,11,5.0,TABLE ACCESS,FULL,SCHEDULER$_PROGRAM
avvfapa4gfgc4,3390427666,12,3.0,TABLE ACCESS,BY INDEX ROWID,SCHEDULER$_CLASS
avvfapa4gfgc4,3390427666,13,12.0,INDEX,UNIQUE SCAN,SCHEDULER$_CLASS_PK
avvfapa4gfgc4,3390427666,14,2.0,TABLE ACCESS,FULL,SCHEDULER$_CLASS
avvfapa4gfgc4,3390427666,15,1.0,TABLE ACCESS,FULL,SERVICE$
586577qpbkgnk,1910938566,0,,SELECT STATEMENT,,
586577qpbkgnk,1910938566,1,0.0,VIEW,,DBA_SCHEDULER_JOBS
586577qpbkgnk,1910938566,2,1.0,UNION-ALL,,
586577qpbkgnk,1910938566,3,2.0,HASH JOIN,,
586577qpbkgnk,1910938566,4,3.0,NESTED LOOPS,,
586577qpbkgnk,1910938566,5,4.0,STATISTICS COLLECTOR,,
586577qpbkgnk,1910938566,6,5.0,HASH JOIN,,
586577qpbkgnk,1910938566,7,6.0,NESTED LOOPS,,
586577qpbkgnk,1910938566,8,7.0,STATISTICS COLLECTOR,,
586577qpbkgnk,1910938566,9,8.0,HASH JOIN,OUTER,
586577qpbkgnk,1910938566,10,9.0,NESTED LOOPS,OUTER,
586577qpbkgnk,1910938566,11,10.0,STATISTICS COLLECTOR,,
586577qpbkgnk,1910938566,12,11.0,TABLE ACCESS,FULL,SCHEDULER$_JOB
586577qpbkgnk,1910938566,13,10.0,INDEX,RANGE SCAN,I_OBJ1
586577qpbkgnk,1910938566,14,9.0,INDEX,FAST FULL SCAN,I_OBJ1
586577qpbkgnk,1910938566,15,7.0,TABLE ACCESS,BY INDEX ROWID BATCHED,OBJ$
586577qpbkgnk,1910938566,16,15.0,INDEX,RANGE SCAN,I_OBJ1
586577qpbkgnk,1910938566,17,6.0,INDEX,SKIP SCAN,I_OBJ2
586577qpbkgnk,1910938566,18,4.0,TABLE ACCESS,CLUSTER,USER$
586577qpbkgnk,1910938566,19,18.0,INDEX,UNIQUE SCAN,I_USER#
586577qpbkgnk,1910938566,20,3.0,TABLE ACCESS,FULL,USER$
586577qpbkgnk,1910938566,21,2.0,HASH JOIN,,
586577qpbkgnk,1910938566,22,21.0,NESTED LOOPS,,
586577qpbkgnk,1910938566,23,22.0,STATISTICS COLLECTOR,,
586577qpbkgnk,1910938566,24,23.0,HASH JOIN,OUTER,
586577qpbkgnk,1910938566,25,24.0,NESTED LOOPS,OUTER,
586577qpbkgnk,1910938566,26,25.0,STATISTICS COLLECTOR,,
586577qpbkgnk,1910938566,27,26.0,NESTED LOOPS,,
586577qpbkgnk,1910938566,28,27.0,MERGE JOIN,CARTESIAN,
586577qpbkgnk,1910938566,29,28.0,INDEX,FULL SCAN,I_USER2
586577qpbkgnk,1910938566,30,28.0,BUFFER,SORT,
586577qpbkgnk,1910938566,31,30.0,VIEW,,SCHEDULER$_COMB_LW_JOB
586577qpbkgnk,1910938566,32,31.0,FILTER,,
586577qpbkgnk,1910938566,33,32.0,MERGE JOIN,OUTER,
586577qpbkgnk,1910938566,34,33.0,TABLE ACCESS,BY INDEX ROWID,SCHEDULER$_LIGHTWEIGHT_JOB
586577qpbkgnk,1910938566,35,34.0,INDEX,FULL SCAN,SCHEDULER$_LWJOB_PK
586577qpbkgnk,1910938566,36,33.0,SORT,JOIN,
586577qpbkgnk,1910938566,37,36.0,VIEW,,
586577qpbkgnk,1910938566,38,37.0,FIXED TABLE,FULL,X$JSKMIMRT
586577qpbkgnk,1910938566,39,27.0,TABLE ACCESS,BY INDEX ROWID BATCHED,SCHEDULER$_LWJOB_OBJ
586577qpbkgnk,1910938566,40,39.0,INDEX,RANGE SCAN,SCHEDULER$_LOBJ_UK
586577qpbkgnk,1910938566,41,25.0,INDEX,RANGE SCAN,I_OBJ1
586577qpbkgnk,1910938566,42,24.0,INDEX,FAST FULL SCAN,I_OBJ1
586577qpbkgnk,1910938566,43,22.0,INDEX,RANGE SCAN,I_OBJ1
586577qpbkgnk,1910938566,44,21.0,INDEX,FAST FULL SCAN,I_OBJ1
586577qpbkgnk,1910938566,45,2.0,FILTER,,
586577qpbkgnk,1910938566,46,45.0,NESTED LOOPS,OUTER,
586577qpbkgnk,1910938566,47,46.0,NESTED LOOPS,,
586577qpbkgnk,1910938566,48,47.0,NESTED LOOPS,,
586577qpbkgnk,1910938566,49,48.0,NESTED LOOPS,,
586577qpbkgnk,1910938566,50,49.0,FIXED TABLE,FULL,X$JSKMIMMD
586577qpbkgnk,1910938566,51,49.0,FIXED TABLE,FIXED INDEX,X$JSKMIMRT (ind:1)
586577qpbkgnk,1910938566,52,48.0,INDEX,RANGE SCAN,I_USER2
586577qpbkgnk,1910938566,53,47.0,INDEX,RANGE SCAN,I_OBJ1
586577qpbkgnk,1910938566,54,46.0,INDEX,RANGE SCAN,I_OBJ1
fw07zwwyz6gva,625636882,0,,UPDATE STATEMENT,,
fw07zwwyz6gva,625636882,1,0.0,UPDATE,,LINK_SOURCES$
fw07zwwyz6gva,625636882,2,1.0,MERGE JOIN,SEMI,
fw07zwwyz6gva,625636882,3,2.0,TABLE ACCESS,BY INDEX ROWID,LINK_SOURCES$
fw07zwwyz6gva,625636882,4,3.0,INDEX,FULL SCAN,SYS_C003481
fw07zwwyz6gva,625636882,5,2.0,SORT,UNIQUE,
fw07zwwyz6gva,625636882,6,5.0,VIEW,,VW_NSO_1
fw07zwwyz6gva,625636882,7,6.0,TABLE ACCESS,FULL,LINK_LOGONS$
fw07zwwyz6gva,625636882,8,1.0,SORT,AGGREGATE,
fw07zwwyz6gva,625636882,9,8.0,TABLE ACCESS,BY INDEX ROWID BATCHED,LINK_LOGONS$
fw07zwwyz6gva,625636882,10,9.0,INDEX,RANGE SCAN,LINK_LOGONS$_SRCID_IDX
b1wc53ddd6h3p,1637390370,0,,SELECT STATEMENT,,
b1wc53ddd6h3p,1637390370,1,0.0,TABLE ACCESS,BY INDEX ROWID,PROCEDURE$
b1wc53ddd6h3p,1637390370,2,1.0,INDEX,UNIQUE SCAN,I_PROCEDURE1
87gaftwrm2h68,1072382624,0,,SELECT STATEMENT,,
87gaftwrm2h68,1072382624,1,0.0,TABLE ACCESS,BY INDEX ROWID BATCHED,OBJ$
87gaftwrm2h68,1072382624,2,1.0,INDEX,RANGE SCAN,I_OBJ1
dsq3mrzawyhj1,1463028530,0,,SELECT STATEMENT,,
dsq3mrzawyhj1,1463028530,1,0.0,FIXED TABLE,FULL,X$KTFBNSTAT
6n2qqv1brfhpp,3848648847,0,,SELECT STATEMENT,,
6n2qqv1brfhpp,3848648847,1,0.0,HASH JOIN,,
6n2qqv1brfhpp,3848648847,2,1.0,NESTED LOOPS,,
6n2qqv1brfhpp,3848648847,3,2.0,STATISTICS COLLECTOR,,
6n2qqv1brfhpp,3848648847,4,3.0,NESTED LOOPS,,
6n2qqv1brfhpp,3848648847,5,4.0,TABLE ACCESS,BY INDEX ROWID,IND$
6n2qqv1brfhpp,3848648847,6,5.0,INDEX,UNIQUE SCAN,I_IND1
6n2qqv1brfhpp,3848648847,7,4.0,TABLE ACCESS,BY INDEX ROWID BATCHED,OBJ$
6n2qqv1brfhpp,3848648847,8,7.0,INDEX,RANGE SCAN,I_OBJ1
6n2qqv1brfhpp,3848648847,9,2.0,TABLE ACCESS,CLUSTER,USER$
6n2qqv1brfhpp,3848648847,10,9.0,INDEX,UNIQUE SCAN,I_USER#
6n2qqv1brfhpp,3848648847,11,1.0,TABLE ACCESS,FULL,USER$
6cvwwaw48yhyq,161874334,0,,SELECT STATEMENT,,
6cvwwaw48yhyq,161874334,1,0.0,FIXED TABLE,FULL,X$KKSSQLSTAT
2b91mgxcxfj13,3625102319,0,,SELECT STATEMENT,,
2b91mgxcxfj13,3625102319,1,0.0,FILTER,,
2b91mgxcxfj13,3625102319,2,1.0,HASH JOIN,,
2b91mgxcxfj13,3625102319,3,2.0,NESTED LOOPS,,
2b91mgxcxfj13,3625102319,4,3.0,STATISTICS COLLECTOR,,
2b91mgxcxfj13,3625102319,5,4.0,HASH JOIN,,
2b91mgxcxfj13,3625102319,6,5.0,NESTED LOOPS,,
2b91mgxcxfj13,3625102319,7,6.0,STATISTICS COLLECTOR,,
2b91mgxcxfj13,3625102319,8,7.0,HASH JOIN,,
2b91mgxcxfj13,3625102319,9,8.0,NESTED LOOPS,,
2b91mgxcxfj13,3625102319,10,9.0,STATISTICS COLLECTOR,,
2b91mgxcxfj13,3625102319,11,10.0,HASH JOIN,,
2b91mgxcxfj13,3625102319,12,11.0,NESTED LOOPS,,
2b91mgxcxfj13,3625102319,13,12.0,STATISTICS COLLECTOR,,
2b91mgxcxfj13,3625102319,14,13.0,HASH JOIN,,
2b91mgxcxfj13,3625102319,15,14.0,NESTED LOOPS,,
2b91mgxcxfj13,3625102319,16,15.0,STATISTICS COLLECTOR,,
2b91mgxcxfj13,3625102319,17,16.0,NESTED LOOPS,,
2b91mgxcxfj13,3625102319,18,17.0,TABLE ACCESS,FULL,SYN$
2b91mgxcxfj13,3625102319,19,17.0,TABLE ACCESS,BY INDEX ROWID,USER$
2b91mgxcxfj13,3625102319,20,19.0,INDEX,UNIQUE SCAN,I_USER1
2b91mgxcxfj13,3625102319,21,15.0,TABLE ACCESS,BY INDEX ROWID BATCHED,OBJ$
2b91mgxcxfj13,3625102319,22,21.0,INDEX,RANGE SCAN,I_OBJ5
2b91mgxcxfj13,3625102319,23,14.0,TABLE ACCESS,FULL,OBJ$
2b91mgxcxfj13,3625102319,24,12.0,INDEX,RANGE SCAN,I_USER2
2b91mgxcxfj13,3625102319,25,11.0,INDEX,FULL SCAN,I_USER2
2b91mgxcxfj13,3625102319,26,9.0,TABLE ACCESS,BY INDEX ROWID BATCHED,OBJ$
2b91mgxcxfj13,3625102319,27,26.0,INDEX,RANGE SCAN,I_OBJ1
2b91mgxcxfj13,3625102319,28,8.0,TABLE ACCESS,FULL,OBJ$
2b91mgxcxfj13,3625102319,29,6.0,INDEX,RANGE SCAN,I_USER2
2b91mgxcxfj13,3625102319,30,5.0,INDEX,FULL SCAN,I_USER2
2b91mgxcxfj13,3625102319,31,3.0,TABLE ACCESS,CLUSTER,USER$
2b91mgxcxfj13,3625102319,32,31.0,INDEX,UNIQUE SCAN,I_USER#
2b91mgxcxfj13,3625102319,33,2.0,TABLE ACCESS,FULL,USER$
2b91mgxcxfj13,3625102319,34,1.0,TABLE ACCESS,BY INDEX ROWID BATCHED,USER_EDITIONING$
2b91mgxcxfj13,3625102319,35,34.0,INDEX,RANGE SCAN,I_USER_EDITIONING
2b91mgxcxfj13,3625102319,36,1.0,TABLE ACCESS,BY INDEX ROWID BATCHED,USER_EDITIONING$
2b91mgxcxfj13,3625102319,37,36.0,INDEX,RANGE SCAN,I_USER_EDITIONING
2b91mgxcxfj13,3625102319,38,1.0,NESTED LOOPS,SEMI,
2b91mgxcxfj13,3625102319,39,38.0,INDEX,SKIP SCAN,I_USER2
2b91mgxcxfj13,3625102319,40,38.0,INDEX,RANGE SCAN,I_OBJ4
2b91mgxcxfj13,3625102319,41,1.0,TABLE ACCESS,BY INDEX ROWID BATCHED,USER_EDITIONING$
2b91mgxcxfj13,3625102319,42,41.0,INDEX,RANGE SCAN,I_USER_EDITIONING
2b91mgxcxfj13,3625102319,43,1.0,TABLE ACCESS,BY INDEX ROWID BATCHED,USER_EDITIONING$
2b91mgxcxfj13,3625102319,44,43.0,INDEX,RANGE SCAN,I_USER_EDITIONING
2b91mgxcxfj13,3625102319,45,1.0,NESTED LOOPS,SEMI,
2b91mgxcxfj13,3625102319,46,45.0,INDEX,SKIP SCAN,I_USER2
2b91mgxcxfj13,3625102319,47,45.0,INDEX,RANGE SCAN,I_OBJ4
9ycc42xuxaj6a,1218126112,0,,SELECT STATEMENT,,
9ycc42xuxaj6a,1218126112,1,0.0,TABLE ACCESS,BY INDEX ROWID BATCHED,SYSAUTH$
9ycc42xuxaj6a,1218126112,2,1.0,INDEX,RANGE SCAN,I_SYSAUTH1
9w50hgp8akpz5,1097271556,0,,SELECT STATEMENT,,
9w50hgp8akpz5,1097271556,1,0.0,TABLE ACCESS,FULL,OPTSTAT_HIST_CONTROL$
9tt2m0mpc2qqp,1319326155,0,,SELECT STATEMENT,,
9tt2m0mpc2qqp,1319326155,1,0.0,TABLE ACCESS,BY INDEX ROWID,IDL_CHAR$
9tt2m0mpc2qqp,1319326155,2,1.0,INDEX,RANGE SCAN,I_IDL_CHAR1
gd28w82ct6rva,2970138452,0,,SELECT STATEMENT,,
gd28w82ct6rva,2970138452,1,0.0,TABLE ACCESS,CLUSTER,TAB$
gd28w82ct6rva,2970138452,2,1.0,INDEX,UNIQUE SCAN,I_OBJ#
3kqrku32p6sfn,2977818336,0,,MERGE STATEMENT,,
3kqrku32p6sfn,2977818336,1,0.0,MERGE,,OPTSTAT_USER_PREFS$
3kqrku32p6sfn,2977818336,2,1.0,VIEW,,
3kqrku32p6sfn,2977818336,3,2.0,FILTER,,
3kqrku32p6sfn,2977818336,4,3.0,NESTED LOOPS,OUTER,
3kqrku32p6sfn,2977818336,5,4.0,VIEW,,
3kqrku32p6sfn,2977818336,6,5.0,SORT,GROUP BY,
3kqrku32p6sfn,2977818336,7,6.0,FILTER,,
3kqrku32p6sfn,2977818336,8,7.0,NESTED LOOPS,,
3kqrku32p6sfn,2977818336,9,8.0,NESTED LOOPS,,
3kqrku32p6sfn,2977818336,10,9.0,NESTED LOOPS,,
3kqrku32p6sfn,2977818336,11,10.0,VIEW,,GV$ACTIVE_SESSION_HISTORY
3kqrku32p6sfn,2977818336,12,11.0,FILTER,,
3kqrku32p6sfn,2977818336,13,12.0,NESTED LOOPS,,
3kqrku32p6sfn,2977818336,14,13.0,FIXED TABLE,FULL,X$KEWASH
3kqrku32p6sfn,2977818336,15,13.0,FIXED TABLE,FIXED INDEX,X$ASH (ind:1)
3kqrku32p6sfn,2977818336,16,10.0,FIXED TABLE,FIXED INDEX,X$KQLFXPL (ind:4)
3kqrku32p6sfn,2977818336,17,9.0,TABLE ACCESS,BY INDEX ROWID,USER$
3kqrku32p6sfn,2977818336,18,17.0,INDEX,UNIQUE SCAN,I_USER1
3kqrku32p6sfn,2977818336,19,8.0,INDEX,RANGE SCAN,I_OBJ2
3kqrku32p6sfn,2977818336,20,7.0,TABLE ACCESS,BY INDEX ROWID,EXTERNAL_TAB$
3kqrku32p6sfn,2977818336,21,20.0,INDEX,UNIQUE SCAN,I_EXTERNAL_TAB1$
3kqrku32p6sfn,2977818336,22,4.0,TABLE ACCESS,BY INDEX ROWID,OPTSTAT_USER_PREFS$
3kqrku32p6sfn,2977818336,23,22.0,INDEX,UNIQUE SCAN,I_USER_PREFS$
3kqrku32p6sfn,2977818336,24,3.0,TABLE ACCESS,BY INDEX ROWID,OPTSTAT_USER_PREFS$
3kqrku32p6sfn,2977818336,25,24.0,INDEX,UNIQUE SCAN,I_USER_PREFS$
fy8bgmw8b2swb,3866177909,0,,SELECT STATEMENT,,
fy8bgmw8b2swb,3866177909,1,0.0,NESTED LOOPS,,
fy8bgmw8b2swb,3866177909,2,1.0,NESTED LOOPS,,
fy8bgmw8b2swb,3866177909,3,2.0,VIEW,,
fy8bgmw8b2swb,3866177909,4,3.0,SORT,UNIQUE,
fy8bgmw8b2swb,3866177909,5,4.0,INDEX,FULL SCAN,WRM$_DATABASE_INSTANCE_PK
fy8bgmw8b2swb,3866177909,6,2.0,INDEX,UNIQUE SCAN,WRM$_WR_CONTROL_PK
fy8bgmw8b2swb,3866177909,7,1.0,TABLE ACCESS,BY INDEX ROWID,WRM$_WR_CONTROL
48ccar413yt61,178502571,0,,SELECT STATEMENT,,
48ccar413yt61,178502571,1,0.0,SORT,ORDER BY,
48ccar413yt61,178502571,2,1.0,COUNT,STOPKEY,
48ccar413yt61,178502571,3,2.0,PX COORDINATOR,,
48ccar413yt61,178502571,4,3.0,PX SEND,QC (RANDOM),:TQ10000
48ccar413yt61,178502571,5,4.0,COUNT,STOPKEY,
48ccar413yt61,178502571,6,5.0,PX PARTITION LIST,ALL,
48ccar413yt61,178502571,7,6.0,EXTENDED DATA LINK,FULL,INT$DBA_PROCEDURES
48ccar413yt61,178502571,0,,SELECT STATEMENT,,
48ccar413yt61,178502571,1,0.0,SORT,ORDER BY,
48ccar413yt61,178502571,2,1.0,COUNT,STOPKEY,
48ccar413yt61,178502571,3,2.0,PX COORDINATOR,,
48ccar413yt61,178502571,4,3.0,PX SEND,QC (RANDOM),:TQ10000
48ccar413yt61,178502571,5,4.0,COUNT,STOPKEY,
48ccar413yt61,178502571,6,5.0,PX PARTITION LIST,ALL,
48ccar413yt61,178502571,7,6.0,EXTENDED DATA LINK,FULL,INT$DBA_PROCEDURES
32bhha21dkv0v,3765558045,0,,SELECT STATEMENT,,
32bhha21dkv0v,3765558045,1,0.0,SORT,ORDER BY,
32bhha21dkv0v,3765558045,2,1.0,TABLE ACCESS,CLUSTER,COL$
32bhha21dkv0v,3765558045,3,2.0,INDEX,UNIQUE SCAN,I_OBJ#
53saa2zkr6wc3,3038981986,0,,SELECT STATEMENT,,
53saa2zkr6wc3,3038981986,1,0.0,TABLE ACCESS,BY INDEX ROWID BATCHED,CCOL$
53saa2zkr6wc3,3038981986,2,1.0,INDEX,RANGE SCAN,I_CCOL1
53saa2zkr6wc3,3038981986,0,,SELECT STATEMENT,,
53saa2zkr6wc3,3038981986,1,0.0,TABLE ACCESS,BY INDEX ROWID BATCHED,CCOL$
53saa2zkr6wc3,3038981986,2,1.0,INDEX,RANGE SCAN,I_CCOL1
9rfqm06xmuwu0,832500465,0,,SELECT STATEMENT,,
9rfqm06xmuwu0,832500465,1,0.0,SORT,ORDER BY,
9rfqm06xmuwu0,832500465,2,1.0,TABLE ACCESS,CLUSTER,SUBCOLTYPE$
9rfqm06xmuwu0,832500465,3,2.0,INDEX,UNIQUE SCAN,I_OBJ#
7nuw4xwrnuwxq,1720483994,0,,SELECT STATEMENT,,
7nuw4xwrnuwxq,1720483994,1,0.0,SORT,ORDER BY,
7nuw4xwrnuwxq,1720483994,2,1.0,TABLE ACCESS,CLUSTER,COLTYPE$
7nuw4xwrnuwxq,1720483994,3,2.0,INDEX,UNIQUE SCAN,I_OBJ#
656ddjmmdax8s,196418973,0,,SELECT STATEMENT,,
656ddjmmdax8s,196418973,1,0.0,TABLE ACCESS,FULL,METAXSLPARAM$
5n1fs4m2n2y0r,452367486,0,,SELECT STATEMENT,,
5n1fs4m2n2y0r,452367486,1,0.0,TABLE ACCESS,BY INDEX ROWID BATCHED,ICOL$
5n1fs4m2n2y0r,452367486,2,1.0,INDEX,RANGE SCAN,I_ICOL1
5ubvjth08ky8v,3410197392,0,,SELECT STATEMENT,,
5ubvjth08ky8v,3410197392,1,0.0,TABLE ACCESS,CLUSTER,COL$
5ubvjth08ky8v,3410197392,2,1.0,INDEX,UNIQUE SCAN,I_OBJ#
d1x3vahmsqzau,3869398808,0,,SELECT STATEMENT,,
d1x3vahmsqzau,3869398808,1,0.0,SORT,ORDER BY,
d1x3vahmsqzau,3869398808,2,1.0,TABLE ACCESS,FULL,AUD$
5say587752zh3,2397009925,0,,SELECT STATEMENT,,
5say587752zh3,2397009925,1,0.0,TABLE ACCESS,CLUSTER,TS$
5say587752zh3,2397009925,2,1.0,INDEX,UNIQUE SCAN,I_TS#
c7fnaqcmbm0b5,578035408,0,,SELECT STATEMENT,,
c7fnaqcmbm0b5,578035408,1,0.0,SORT,AGGREGATE,
c7fnaqcmbm0b5,578035408,2,1.0,TABLE ACCESS,FULL,SMON_SCN_TIME
0yn07bvqs30qj,866645418,0,,SELECT STATEMENT,,
0yn07bvqs30qj,866645418,1,0.0,TABLE ACCESS,BY INDEX ROWID,DEFERRED_STG$
0yn07bvqs30qj,866645418,2,1.0,INDEX,UNIQUE SCAN,I_DEFERRED_STG1
fr31mzzknv0wh,4217156775,0,,SELECT STATEMENT,,
fr31mzzknv0wh,4217156775,1,0.0,SORT,AGGREGATE,
fr31mzzknv0wh,4217156775,2,1.0,TABLE ACCESS,FULL,SYS_FBA_FA
0dfxfyy5r32qq,3140476835,0,,UPDATE STATEMENT,,
0dfxfyy5r32qq,3140476835,1,0.0,UPDATE,,EXP_OBJ$
0dfxfyy5r32qq,3140476835,2,1.0,INDEX,UNIQUE SCAN,I_EXP_OBJ$
78arbgt93b2sy,2966798251,0,,SELECT STATEMENT,,
78arbgt93b2sy,2966798251,1,0.0,SORT,ORDER BY,
78arbgt93b2sy,2966798251,2,1.0,UNION-ALL,,
78arbgt93b2sy,2966798251,3,2.0,COUNT,STOPKEY,
78arbgt93b2sy,2966798251,4,3.0,VIEW,,DBA_OBJECTS
78arbgt93b2sy,2966798251,5,4.0,UNION-ALL,,
78arbgt93b2sy,2966798251,6,5.0,TABLE ACCESS,BY INDEX ROWID,SUM$
78arbgt93b2sy,2966798251,7,6.0,INDEX,UNIQUE SCAN,I_SUM$_1
78arbgt93b2sy,2966798251,8,5.0,FILTER,,
78arbgt93b2sy,2966798251,9,8.0,HASH JOIN,,
78arbgt93b2sy,2966798251,10,9.0,INDEX,FULL SCAN,I_USER2
78arbgt93b2sy,2966798251,11,9.0,NESTED LOOPS,,
78arbgt93b2sy,2966798251,12,11.0,NESTED LOOPS,,
78arbgt93b2sy,2966798251,13,12.0,INLIST ITERATOR,,
78arbgt93b2sy,2966798251,14,13.0,TABLE ACCESS,BY INDEX ROWID,USER$
78arbgt93b2sy,2966798251,15,14.0,INDEX,UNIQUE SCAN,I_USER1
78arbgt93b2sy,2966798251,16,12.0,INDEX,RANGE SCAN,I_OBJ5
78arbgt93b2sy,2966798251,17,11.0,TABLE ACCESS,BY INDEX ROWID,OBJ$
78arbgt93b2sy,2966798251,18,8.0,NESTED LOOPS,,
78arbgt93b2sy,2966798251,19,18.0,NESTED LOOPS,,
78arbgt93b2sy,2966798251,20,19.0,TABLE ACCESS,BY INDEX ROWID,IND$
78arbgt93b2sy,2966798251,21,20.0,INDEX,UNIQUE SCAN,I_IND1
78arbgt93b2sy,2966798251,22,19.0,TABLE ACCESS,CLUSTER,TAB$
78arbgt93b2sy,2966798251,23,18.0,INDEX,RANGE SCAN,I_OBJ1
78arbgt93b2sy,2966798251,24,8.0,TABLE ACCESS,CLUSTER,TAB$
78arbgt93b2sy,2966798251,25,24.0,INDEX,UNIQUE SCAN,I_OBJ#
78arbgt93b2sy,2966798251,26,8.0,TABLE ACCESS,BY INDEX ROWID,SEQ$
78arbgt93b2sy,2966798251,27,26.0,INDEX,UNIQUE SCAN,I_SEQ1
78arbgt93b2sy,2966798251,28,8.0,TABLE ACCESS,BY INDEX ROWID BATCHED,USER_EDITIONING$
78arbgt93b2sy,2966798251,29,28.0,INDEX,RANGE SCAN,I_USER_EDITIONING
78arbgt93b2sy,2966798251,30,8.0,TABLE ACCESS,BY INDEX ROWID BATCHED,USER_EDITIONING$
78arbgt93b2sy,2966798251,31,30.0,INDEX,RANGE SCAN,I_USER_EDITIONING
78arbgt93b2sy,2966798251,32,8.0,NESTED LOOPS,SEMI,
78arbgt93b2sy,2966798251,33,32.0,INDEX,SKIP SCAN,I_USER2
78arbgt93b2sy,2966798251,34,32.0,INDEX,RANGE SCAN,I_OBJ4
78arbgt93b2sy,2966798251,35,5.0,FILTER,,
78arbgt93b2sy,2966798251,36,35.0,NESTED LOOPS,,
78arbgt93b2sy,2966798251,37,36.0,INDEX,FULL SCAN,I_LINK1
78arbgt93b2sy,2966798251,38,36.0,TABLE ACCESS,CLUSTER,USER$
78arbgt93b2sy,2966798251,39,38.0,INDEX,UNIQUE SCAN,I_USER#
78arbgt93b2sy,2966798251,40,2.0,COUNT,STOPKEY,
78arbgt93b2sy,2966798251,41,40.0,NESTED LOOPS,,
78arbgt93b2sy,2966798251,42,41.0,HASH JOIN,,
78arbgt93b2sy,2966798251,43,42.0,NESTED LOOPS,,
78arbgt93b2sy,2966798251,44,43.0,STATISTICS COLLECTOR,,
78arbgt93b2sy,2966798251,45,44.0,HASH JOIN,,
78arbgt93b2sy,2966798251,46,45.0,NESTED LOOPS,,
78arbgt93b2sy,2966798251,47,46.0,STATISTICS COLLECTOR,,
78arbgt93b2sy,2966798251,48,47.0,HASH JOIN,OUTER,
78arbgt93b2sy,2966798251,49,48.0,NESTED LOOPS,OUTER,
78arbgt93b2sy,2966798251,50,49.0,STATISTICS COLLECTOR,,
78arbgt93b2sy,2966798251,51,50.0,HASH JOIN,,
78arbgt93b2sy,2966798251,52,51.0,HASH JOIN,,
78arbgt93b2sy,2966798251,53,52.0,NESTED LOOPS,,
78arbgt93b2sy,2966798251,54,53.0,NESTED LOOPS,,
78arbgt93b2sy,2966798251,55,54.0,STATISTICS COLLECTOR,,
78arbgt93b2sy,2966798251,56,55.0,HASH JOIN,OUTER,
78arbgt93b2sy,2966798251,57,56.0,MERGE JOIN,CARTESIAN,
78arbgt93b2sy,2966798251,58,57.0,TABLE ACCESS,FULL,PROFILE$
78arbgt93b2sy,2966798251,59,57.0,BUFFER,SORT,
78arbgt93b2sy,2966798251,60,59.0,TABLE ACCESS,FULL,USER$
78arbgt93b2sy,2966798251,61,56.0,TABLE ACCESS,FULL,RESOURCE_GROUP_MAPPING$
78arbgt93b2sy,2966798251,62,54.0,INDEX,RANGE SCAN,I_PROFILE
78arbgt93b2sy,2966798251,63,53.0,TABLE ACCESS,BY INDEX ROWID,PROFILE$
78arbgt93b2sy,2966798251,64,52.0,TABLE ACCESS,FULL,PROFILE$
78arbgt93b2sy,2966798251,65,51.0,TABLE ACCESS,FULL,PROFNAME$
78arbgt93b2sy,2966798251,66,49.0,TABLE ACCESS,CLUSTER,TS$
78arbgt93b2sy,2966798251,67,66.0,INDEX,UNIQUE SCAN,I_TS#
78arbgt93b2sy,2966798251,68,48.0,TABLE ACCESS,FULL,TS$
78arbgt93b2sy,2966798251,69,46.0,TABLE ACCESS,CLUSTER,TS$
78arbgt93b2sy,2966798251,70,69.0,INDEX,UNIQUE SCAN,I_TS#
78arbgt93b2sy,2966798251,71,45.0,TABLE ACCESS,FULL,TS$
78arbgt93b2sy,2966798251,72,43.0,TABLE ACCESS,CLUSTER,TS$
78arbgt93b2sy,2966798251,73,72.0,INDEX,UNIQUE SCAN,I_TS#
78arbgt93b2sy,2966798251,74,42.0,TABLE ACCESS,FULL,TS$
78arbgt93b2sy,2966798251,75,41.0,TABLE ACCESS,FULL,USER_ASTATUS_MAP
8swypbbr0m372,570326988,0,,SELECT STATEMENT,,
8swypbbr0m372,570326988,1,0.0,TABLE ACCESS,BY INDEX ROWID BATCHED,ACCESS$
8swypbbr0m372,570326988,2,1.0,INDEX,RANGE SCAN,I_ACCESS1
8swypbbr0m372,570326988,0,,SELECT STATEMENT,,
8swypbbr0m372,570326988,1,0.0,TABLE ACCESS,BY INDEX ROWID BATCHED,ACCESS$
8swypbbr0m372,570326988,2,1.0,INDEX,RANGE SCAN,I_ACCESS1
1kb56hd6c73bv,1842653846,0,,SELECT STATEMENT,,
1kb56hd6c73bv,1842653846,1,0.0,SORT,AGGREGATE,
1kb56hd6c73bv,1842653846,2,1.0,VIEW,,
1kb56hd6c73bv,1842653846,3,2.0,SORT,GROUP BY,
1kb56hd6c73bv,1842653846,4,3.0,NESTED LOOPS,,
1kb56hd6c73bv,1842653846,5,4.0,HASH JOIN,OUTER,
1kb56hd6c73bv,1842653846,6,5.0,NESTED LOOPS,OUTER,
1kb56hd6c73bv,1842653846,7,6.0,STATISTICS COLLECTOR,,
1kb56hd6c73bv,1842653846,8,7.0,NESTED LOOPS,,
1kb56hd6c73bv,1842653846,9,8.0,VIEW,,
1kb56hd6c73bv,1842653846,10,9.0,WINDOW,SORT,
1kb56hd6c73bv,1842653846,11,10.0,TABLE ACCESS,FULL,SCHEDULER$_EVENT_LOG
1kb56hd6c73bv,1842653846,12,8.0,TABLE ACCESS,FULL,SCHEDULER$_EVENT_LOG
1kb56hd6c73bv,1842653846,13,6.0,TABLE ACCESS,BY INDEX ROWID BATCHED,OBJ$
1kb56hd6c73bv,1842653846,14,13.0,INDEX,RANGE SCAN,I_OBJ1
1kb56hd6c73bv,1842653846,15,5.0,INDEX,FAST FULL SCAN,I_OBJ2
1kb56hd6c73bv,1842653846,16,4.0,FIXED TABLE,FULL,X$KETCL
1kb56hd6c73bv,1842653846,17,16.0,HASH JOIN,,
1kb56hd6c73bv,1842653846,18,17.0,FIXED TABLE,FIXED INDEX,X$KSPPI (ind:1)
1kb56hd6c73bv,1842653846,19,17.0,FIXED TABLE,FULL,X$KSPPSV
bd4bznqbq73hk,1836267644,0,,SELECT STATEMENT,,
bd4bznqbq73hk,1836267644,1,0.0,TABLE ACCESS,BY INDEX ROWID BATCHED,ICOLDEP$
bd4bznqbq73hk,1836267644,2,1.0,INDEX,RANGE SCAN,I_ICOLDEP$_OBJ
bsa0wjtftg3uw,1512486435,0,,SELECT STATEMENT,,
bsa0wjtftg3uw,1512486435,1,0.0,TABLE ACCESS,FULL,FILE$
5x2x7y2umr3y7,395742348,0,,SELECT STATEMENT,,
5x2x7y2umr3y7,395742348,1,0.0,TABLE ACCESS,FULL,SERVICE$
6u5zqzz2nm55c,1388734953,0,,SELECT STATEMENT,,
6u5zqzz2nm55c,1388734953,1,0.0,FAST DUAL,,
g0r5psznj761u,3362484769,0,,SELECT STATEMENT,,
g0r5psznj761u,3362484769,1,0.0,TABLE ACCESS,BY INDEX ROWID,TYPE$
g0r5psznj761u,3362484769,2,1.0,INDEX,UNIQUE SCAN,I_TYPE2
7z7n648sgr6h4,2518224374,0,,SELECT STATEMENT,,
7z7n648sgr6h4,2518224374,1,0.0,TABLE ACCESS,BY INDEX ROWID,CDBVW_STATS$
7z7n648sgr6h4,2518224374,2,1.0,INDEX,UNIQUE SCAN,I_CDBVW_STATS$_OBJNAME
7z7n648sgr6h4,2518224374,0,,SELECT STATEMENT,,
7z7n648sgr6h4,2518224374,1,0.0,TABLE ACCESS,BY INDEX ROWID,CDBVW_STATS$
7z7n648sgr6h4,2518224374,2,1.0,INDEX,UNIQUE SCAN,I_CDBVW_STATS$_OBJNAME
2sxqgx5hx76qr,3312420081,0,,SELECT STATEMENT,,
2sxqgx5hx76qr,3312420081,1,0.0,SORT,ORDER BY,
2sxqgx5hx76qr,3312420081,2,1.0,TABLE ACCESS,CLUSTER,HISTGRM$
2sxqgx5hx76qr,3312420081,3,2.0,INDEX,UNIQUE SCAN,I_OBJ#_INTCOL#
fytfkjs15v75y,630259079,0,,SELECT STATEMENT,,
fytfkjs15v75y,630259079,1,0.0,VIEW,,DBA_SYS_PRIVS
fytfkjs15v75y,630259079,2,1.0,UNION-ALL,,
fytfkjs15v75y,630259079,3,2.0,HASH,GROUP BY,
fytfkjs15v75y,630259079,4,3.0,HASH JOIN,,
fytfkjs15v75y,630259079,5,4.0,HASH JOIN,,
fytfkjs15v75y,630259079,6,5.0,TABLE ACCESS,FULL,SYSAUTH$
fytfkjs15v75y,630259079,7,5.0,DATA LINK,FULL,SYSTEM_PRIVILEGE_MAP
fytfkjs15v75y,630259079,8,4.0,TABLE ACCESS,FULL,USER$
fytfkjs15v75y,630259079,9,2.0,HASH,GROUP BY,
fytfkjs15v75y,630259079,10,9.0,HASH JOIN,,
fytfkjs15v75y,630259079,11,10.0,TABLE ACCESS,FULL,USER$
fytfkjs15v75y,630259079,12,10.0,HASH JOIN,,
fytfkjs15v75y,630259079,13,12.0,DATA LINK,FULL,SYSTEM_PRIVILEGE_MAP
fytfkjs15v75y,630259079,14,12.0,TABLE ACCESS,FULL,SYSAUTH$
fytfkjs15v75y,630259079,15,2.0,HASH,GROUP BY,
fytfkjs15v75y,630259079,16,15.0,HASH JOIN,,
fytfkjs15v75y,630259079,17,16.0,HASH JOIN,,
fytfkjs15v75y,630259079,18,17.0,TABLE ACCESS,FULL,SYSAUTH$
fytfkjs15v75y,630259079,19,17.0,DATA LINK,FULL,SYSTEM_PRIVILEGE_MAP
fytfkjs15v75y,630259079,20,16.0,TABLE ACCESS,FULL,USER$
17qqjz2knz7kc,1665352184,0,,SELECT STATEMENT,,
17qqjz2knz7kc,1665352184,1,0.0,RESULT CACHE,,cdz62xhupfhbb5nu5fgvzhq3xz
17qqjz2knz7kc,1665352184,2,1.0,FILTER,,
17qqjz2knz7kc,1665352184,3,2.0,HASH JOIN,,
17qqjz2knz7kc,1665352184,4,3.0,NESTED LOOPS,,
17qqjz2knz7kc,1665352184,5,4.0,STATISTICS COLLECTOR,,
17qqjz2knz7kc,1665352184,6,5.0,NESTED LOOPS,,
17qqjz2knz7kc,1665352184,7,6.0,NESTED LOOPS,,
17qqjz2knz7kc,1665352184,8,7.0,TABLE ACCESS,BY INDEX ROWID,USER$
17qqjz2knz7kc,1665352184,9,8.0,INDEX,UNIQUE SCAN,I_USER1
17qqjz2knz7kc,1665352184,10,7.0,TABLE ACCESS,BY INDEX ROWID BATCHED,OBJ$
17qqjz2knz7kc,1665352184,11,10.0,INDEX,RANGE SCAN,I_OBJ5
17qqjz2knz7kc,1665352184,12,6.0,INDEX,UNIQUE SCAN,I_VIEW1
17qqjz2knz7kc,1665352184,13,4.0,INDEX,RANGE SCAN,I_USER2
17qqjz2knz7kc,1665352184,14,3.0,INDEX,FULL SCAN,I_USER2
17qqjz2knz7kc,1665352184,15,2.0,TABLE ACCESS,BY INDEX ROWID BATCHED,USER_EDITIONING$
17qqjz2knz7kc,1665352184,16,15.0,INDEX,RANGE SCAN,I_USER_EDITIONING
17qqjz2knz7kc,1665352184,17,2.0,TABLE ACCESS,BY INDEX ROWID BATCHED,USER_EDITIONING$
17qqjz2knz7kc,1665352184,18,17.0,INDEX,RANGE SCAN,I_USER_EDITIONING
17qqjz2knz7kc,1665352184,19,2.0,NESTED LOOPS,SEMI,
17qqjz2knz7kc,1665352184,20,19.0,INDEX,SKIP SCAN,I_USER2
17qqjz2knz7kc,1665352184,21,19.0,INDEX,RANGE SCAN,I_OBJ4
17qqjz2knz7kc,1665352184,0,,SELECT STATEMENT,,
17qqjz2knz7kc,1665352184,1,0.0,RESULT CACHE,,cdz62xhupfhbb5nu5fgvzhq3xz
17qqjz2knz7kc,1665352184,2,1.0,FILTER,,
17qqjz2knz7kc,1665352184,3,2.0,HASH JOIN,,
17qqjz2knz7kc,1665352184,4,3.0,NESTED LOOPS,,
17qqjz2knz7kc,1665352184,5,4.0,STATISTICS COLLECTOR,,
17qqjz2knz7kc,1665352184,6,5.0,NESTED LOOPS,,
17qqjz2knz7kc,1665352184,7,6.0,NESTED LOOPS,,
17qqjz2knz7kc,1665352184,8,7.0,TABLE ACCESS,BY INDEX ROWID,USER$
17qqjz2knz7kc,1665352184,9,8.0,INDEX,UNIQUE SCAN,I_USER1
17qqjz2knz7kc,1665352184,10,7.0,TABLE ACCESS,BY INDEX ROWID BATCHED,OBJ$
17qqjz2knz7kc,1665352184,11,10.0,INDEX,RANGE SCAN,I_OBJ5
17qqjz2knz7kc,1665352184,12,6.0,INDEX,UNIQUE SCAN,I_VIEW1
17qqjz2knz7kc,1665352184,13,4.0,INDEX,RANGE SCAN,I_USER2
17qqjz2knz7kc,1665352184,14,3.0,INDEX,FULL SCAN,I_USER2
17qqjz2knz7kc,1665352184,15,2.0,TABLE ACCESS,BY INDEX ROWID BATCHED,USER_EDITIONING$
17qqjz2knz7kc,1665352184,16,15.0,INDEX,RANGE SCAN,I_USER_EDITIONING
17qqjz2knz7kc,1665352184,17,2.0,TABLE ACCESS,BY INDEX ROWID BATCHED,USER_EDITIONING$
17qqjz2knz7kc,1665352184,18,17.0,INDEX,RANGE SCAN,I_USER_EDITIONING
17qqjz2knz7kc,1665352184,19,2.0,NESTED LOOPS,SEMI,
17qqjz2knz7kc,1665352184,20,19.0,INDEX,SKIP SCAN,I_USER2
17qqjz2knz7kc,1665352184,21,19.0,INDEX,RANGE SCAN,I_OBJ4
58bhdn6kgr7xc,3314469322,0,,SELECT STATEMENT,,
58bhdn6kgr7xc,3314469322,1,0.0,NESTED LOOPS,,
58bhdn6kgr7xc,3314469322,2,1.0,FIXED TABLE,FULL,X$KSLEI
58bhdn6kgr7xc,3314469322,3,1.0,FIXED TABLE,FIXED INDEX,X$KSLED (ind:2)
ayrqbxhv1m8gr,1859365962,0,,SELECT STATEMENT,,
ayrqbxhv1m8gr,1859365962,1,0.0,RESULT CACHE,,arny7j9cfk4ru94y250byshq67
ayrqbxhv1m8gr,1859365962,2,1.0,FILTER,,
ayrqbxhv1m8gr,1859365962,3,2.0,HASH JOIN,,
ayrqbxhv1m8gr,1859365962,4,3.0,NESTED LOOPS,,
ayrqbxhv1m8gr,1859365962,5,4.0,STATISTICS COLLECTOR,,
ayrqbxhv1m8gr,1859365962,6,5.0,HASH JOIN,,
ayrqbxhv1m8gr,1859365962,7,6.0,NESTED LOOPS,,
ayrqbxhv1m8gr,1859365962,8,7.0,STATISTICS COLLECTOR,,
ayrqbxhv1m8gr,1859365962,9,8.0,HASH JOIN,,
ayrqbxhv1m8gr,1859365962,10,9.0,NESTED LOOPS,,
ayrqbxhv1m8gr,1859365962,11,10.0,STATISTICS COLLECTOR,,
ayrqbxhv1m8gr,1859365962,12,11.0,HASH JOIN,,
ayrqbxhv1m8gr,1859365962,13,12.0,NESTED LOOPS,,
ayrqbxhv1m8gr,1859365962,14,13.0,STATISTICS COLLECTOR,,
ayrqbxhv1m8gr,1859365962,15,14.0,HASH JOIN,,
ayrqbxhv1m8gr,1859365962,16,15.0,NESTED LOOPS,,
ayrqbxhv1m8gr,1859365962,17,16.0,STATISTICS COLLECTOR,,
ayrqbxhv1m8gr,1859365962,18,17.0,NESTED LOOPS,,
ayrqbxhv1m8gr,1859365962,19,18.0,TABLE ACCESS,FULL,SYN$
ayrqbxhv1m8gr,1859365962,20,18.0,TABLE ACCESS,BY INDEX ROWID,USER$
ayrqbxhv1m8gr,1859365962,21,20.0,INDEX,UNIQUE SCAN,I_USER1
ayrqbxhv1m8gr,1859365962,22,16.0,TABLE ACCESS,BY INDEX ROWID BATCHED,OBJ$
ayrqbxhv1m8gr,1859365962,23,22.0,INDEX,RANGE SCAN,I_OBJ5
ayrqbxhv1m8gr,1859365962,24,15.0,TABLE ACCESS,FULL,OBJ$
ayrqbxhv1m8gr,1859365962,25,13.0,INDEX,RANGE SCAN,I_USER2
ayrqbxhv1m8gr,1859365962,26,12.0,INDEX,FULL SCAN,I_USER2
ayrqbxhv1m8gr,1859365962,27,10.0,TABLE ACCESS,BY INDEX ROWID BATCHED,OBJ$
ayrqbxhv1m8gr,1859365962,28,27.0,INDEX,RANGE SCAN,I_OBJ1
ayrqbxhv1m8gr,1859365962,29,9.0,TABLE ACCESS,FULL,OBJ$
ayrqbxhv1m8gr,1859365962,30,7.0,TABLE ACCESS,CLUSTER,USER$
ayrqbxhv1m8gr,1859365962,31,30.0,INDEX,UNIQUE SCAN,I_USER#
ayrqbxhv1m8gr,1859365962,32,6.0,TABLE ACCESS,FULL,USER$
ayrqbxhv1m8gr,1859365962,33,4.0,INDEX,RANGE SCAN,I_USER2
ayrqbxhv1m8gr,1859365962,34,3.0,INDEX,FULL SCAN,I_USER2
ayrqbxhv1m8gr,1859365962,35,2.0,TABLE ACCESS,BY INDEX ROWID BATCHED,USER_EDITIONING$
ayrqbxhv1m8gr,1859365962,36,35.0,INDEX,RANGE SCAN,I_USER_EDITIONING
ayrqbxhv1m8gr,1859365962,37,2.0,TABLE ACCESS,BY INDEX ROWID BATCHED,USER_EDITIONING$
ayrqbxhv1m8gr,1859365962,38,37.0,INDEX,RANGE SCAN,I_USER_EDITIONING
ayrqbxhv1m8gr,1859365962,39,2.0,NESTED LOOPS,SEMI,
ayrqbxhv1m8gr,1859365962,40,39.0,INDEX,SKIP SCAN,I_USER2
ayrqbxhv1m8gr,1859365962,41,39.0,INDEX,RANGE SCAN,I_OBJ4
ayrqbxhv1m8gr,1859365962,42,2.0,TABLE ACCESS,BY INDEX ROWID BATCHED,USER_EDITIONING$
ayrqbxhv1m8gr,1859365962,43,42.0,INDEX,RANGE SCAN,I_USER_EDITIONING
ayrqbxhv1m8gr,1859365962,44,2.0,TABLE ACCESS,BY INDEX ROWID BATCHED,USER_EDITIONING$
ayrqbxhv1m8gr,1859365962,45,44.0,INDEX,RANGE SCAN,I_USER_EDITIONING
ayrqbxhv1m8gr,1859365962,46,2.0,NESTED LOOPS,SEMI,
ayrqbxhv1m8gr,1859365962,47,46.0,INDEX,SKIP SCAN,I_USER2
ayrqbxhv1m8gr,1859365962,48,46.0,INDEX,RANGE SCAN,I_OBJ4
csnp95dz2r8ss,2567466223,0,,SELECT STATEMENT,,
csnp95dz2r8ss,2567466223,1,0.0,TABLE ACCESS,BY INDEX ROWID BATCHED,RECYCLEBIN$
csnp95dz2r8ss,2567466223,2,1.0,INDEX,RANGE SCAN,RECYCLEBIN$_TS
g5zv38nj5r8w6,3778488125,0,,SELECT STATEMENT,,
g5zv38nj5r8w6,3778488125,1,0.0,TABLE ACCESS,FULL,TS$
ajkubg7upg9pu,61158906,0,,UPDATE STATEMENT,,
ajkubg7upg9pu,61158906,1,0.0,UPDATE,,OPTSTAT_HIST_CONTROL$
ajkubg7upg9pu,61158906,2,1.0,TABLE ACCESS,FULL,OPTSTAT_HIST_CONTROL$
69u4kx0gkbc22,1315466365,0,,SELECT STATEMENT,,
69u4kx0gkbc22,1315466365,1,0.0,TABLE ACCESS,FULL,XDB$DXPTAB
cb21bacyh3c7d,3452538079,0,,SELECT STATEMENT,,
cb21bacyh3c7d,3452538079,1,0.0,TABLE ACCESS,BY INDEX ROWID,KOPM$
cb21bacyh3c7d,3452538079,2,1.0,INDEX,UNIQUE SCAN,I_KOPM1
cb21bacyh3c7d,3452538079,0,,SELECT STATEMENT,,
cb21bacyh3c7d,3452538079,1,0.0,TABLE ACCESS,BY INDEX ROWID,KOPM$
cb21bacyh3c7d,3452538079,2,1.0,INDEX,UNIQUE SCAN,I_KOPM1
9afa6ps95vcsz,939262999,0,,SELECT STATEMENT,,
9afa6ps95vcsz,939262999,1,0.0,SORT,AGGREGATE,
9afa6ps95vcsz,939262999,2,1.0,VIEW,,INT$DBA_PROCEDURES
9afa6ps95vcsz,939262999,3,2.0,UNION-ALL,,
9afa6ps95vcsz,939262999,4,3.0,FILTER,,
9afa6ps95vcsz,939262999,5,4.0,NESTED LOOPS,OUTER,
9afa6ps95vcsz,939262999,6,5.0,NESTED LOOPS,OUTER,
9afa6ps95vcsz,939262999,7,6.0,HASH JOIN,,
9afa6ps95vcsz,939262999,8,7.0,HASH JOIN,,
9afa6ps95vcsz,939262999,9,8.0,NESTED LOOPS,,
9afa6ps95vcsz,939262999,10,9.0,STATISTICS COLLECTOR,,
9afa6ps95vcsz,939262999,11,10.0,HASH JOIN,,
9afa6ps95vcsz,939262999,12,11.0,NESTED LOOPS,,
9afa6ps95vcsz,939262999,13,12.0,STATISTICS COLLECTOR,,
9afa6ps95vcsz,939262999,14,13.0,INLIST ITERATOR,,
9afa6ps95vcsz,939262999,15,14.0,TABLE ACCESS,BY INDEX ROWID,USER$
9afa6ps95vcsz,939262999,16,15.0,INDEX,UNIQUE SCAN,I_USER1
9afa6ps95vcsz,939262999,17,12.0,TABLE ACCESS,BY INDEX ROWID BATCHED,OBJ$
9afa6ps95vcsz,939262999,18,17.0,INDEX,RANGE SCAN,I_OBJ5
9afa6ps95vcsz,939262999,19,11.0,TABLE ACCESS,BY INDEX ROWID BATCHED,OBJ$
9afa6ps95vcsz,939262999,20,19.0,INDEX,SKIP SCAN,I_OBJ2
9afa6ps95vcsz,939262999,21,9.0,INDEX,RANGE SCAN,I_USER2
9afa6ps95vcsz,939262999,22,8.0,INDEX,FULL SCAN,I_USER2
9afa6ps95vcsz,939262999,23,7.0,TABLE ACCESS,FULL,PROCEDUREINFO$
9afa6ps95vcsz,939262999,24,6.0,VIEW PUSHED PREDICATE,,_CURRENT_EDITION_OBJ
9afa6ps95vcsz,939262999,25,24.0,FILTER,,
9afa6ps95vcsz,939262999,26,25.0,NESTED LOOPS,,
9afa6ps95vcsz,939262999,27,26.0,TABLE ACCESS,BY INDEX ROWID BATCHED,OBJ$
9afa6ps95vcsz,939262999,28,27.0,INDEX,RANGE SCAN,I_OBJ1
9afa6ps95vcsz,939262999,29,26.0,INDEX,RANGE SCAN,I_USER2
9afa6ps95vcsz,939262999,30,25.0,TABLE ACCESS,BY INDEX ROWID BATCHED,USER_EDITIONING$
9afa6ps95vcsz,939262999,31,30.0,INDEX,RANGE SCAN,I_USER_EDITIONING
9afa6ps95vcsz,939262999,32,25.0,TABLE ACCESS,BY INDEX ROWID BATCHED,USER_EDITIONING$
9afa6ps95vcsz,939262999,33,32.0,INDEX,RANGE SCAN,I_USER_EDITIONING
9afa6ps95vcsz,939262999,34,25.0,NESTED LOOPS,SEMI,
9afa6ps95vcsz,939262999,35,34.0,INDEX,SKIP SCAN,I_USER2
9afa6ps95vcsz,939262999,36,34.0,INDEX,RANGE SCAN,I_OBJ4
9afa6ps95vcsz,939262999,37,5.0,INDEX,RANGE SCAN,I_USER2
9afa6ps95vcsz,939262999,38,4.0,TABLE ACCESS,BY INDEX ROWID BATCHED,USER_EDITIONING$
9afa6ps95vcsz,939262999,39,38.0,INDEX,RANGE SCAN,I_USER_EDITIONING
9afa6ps95vcsz,939262999,40,4.0,TABLE ACCESS,BY INDEX ROWID BATCHED,USER_EDITIONING$
9afa6ps95vcsz,939262999,41,40.0,INDEX,RANGE SCAN,I_USER_EDITIONING
9afa6ps95vcsz,939262999,42,4.0,NESTED LOOPS,SEMI,
9afa6ps95vcsz,939262999,43,42.0,INDEX,SKIP SCAN,I_USER2
9afa6ps95vcsz,939262999,44,42.0,INDEX,RANGE SCAN,I_OBJ4
9afa6ps95vcsz,939262999,45,3.0,FILTER,,
9afa6ps95vcsz,939262999,46,45.0,FILTER,,
9afa6ps95vcsz,939262999,47,46.0,HASH JOIN,OUTER,
9afa6ps95vcsz,939262999,48,47.0,HASH JOIN,,
9afa6ps95vcsz,939262999,49,48.0,NESTED LOOPS,,
9afa6ps95vcsz,939262999,50,49.0,STATISTICS COLLECTOR,,
9afa6ps95vcsz,939262999,51,50.0,HASH JOIN,,
9afa6ps95vcsz,939262999,52,51.0,NESTED LOOPS,,
9afa6ps95vcsz,939262999,53,52.0,STATISTICS COLLECTOR,,
9afa6ps95vcsz,939262999,54,53.0,INLIST ITERATOR,,
9afa6ps95vcsz,939262999,55,54.0,TABLE ACCESS,BY INDEX ROWID,USER$
9afa6ps95vcsz,939262999,56,55.0,INDEX,UNIQUE SCAN,I_USER1
9afa6ps95vcsz,939262999,57,52.0,TABLE ACCESS,BY INDEX ROWID BATCHED,OBJ$
9afa6ps95vcsz,939262999,58,57.0,INDEX,RANGE SCAN,I_OBJ5
9afa6ps95vcsz,939262999,59,51.0,TABLE ACCESS,BY INDEX ROWID BATCHED,OBJ$
9afa6ps95vcsz,939262999,60,59.0,INDEX,SKIP SCAN,I_OBJ2
9afa6ps95vcsz,939262999,61,49.0,INDEX,RANGE SCAN,I_USER2
9afa6ps95vcsz,939262999,62,48.0,INDEX,FULL SCAN,I_USER2
9afa6ps95vcsz,939262999,63,47.0,TABLE ACCESS,FULL,PROCEDUREINFO$
9afa6ps95vcsz,939262999,64,45.0,TABLE ACCESS,BY INDEX ROWID BATCHED,USER_EDITIONING$
9afa6ps95vcsz,939262999,65,64.0,INDEX,RANGE SCAN,I_USER_EDITIONING
9afa6ps95vcsz,939262999,66,45.0,TABLE ACCESS,BY INDEX ROWID BATCHED,USER_EDITIONING$
9afa6ps95vcsz,939262999,67,66.0,INDEX,RANGE SCAN,I_USER_EDITIONING
9afa6ps95vcsz,939262999,68,45.0,NESTED LOOPS,SEMI,
9afa6ps95vcsz,939262999,69,68.0,INDEX,SKIP SCAN,I_USER2
9afa6ps95vcsz,939262999,70,68.0,INDEX,RANGE SCAN,I_OBJ4
8hyn7421qmdhu,2635060247,0,,SELECT STATEMENT,,
8hyn7421qmdhu,2635060247,1,0.0,TABLE ACCESS,BY INDEX ROWID,CLI_LOG$
8hyn7421qmdhu,2635060247,2,1.0,INDEX,UNIQUE SCAN,CLI_LOG$PK
gjaap3w3qbf8c,4233836756,0,,SELECT STATEMENT,,
gjaap3w3qbf8c,4233836756,1,0.0,SORT,AGGREGATE,
gjaap3w3qbf8c,4233836756,2,1.0,COUNT,STOPKEY,
gjaap3w3qbf8c,4233836756,3,2.0,INDEX,FULL SCAN,I_ILMOBJ$
9rjc5cmt7mg3w,4036062007,0,,SELECT STATEMENT,,
9rjc5cmt7mg3w,4036062007,1,0.0,NESTED LOOPS,,
9rjc5cmt7mg3w,4036062007,2,1.0,FIXED TABLE,FULL,X$KEWASH
9rjc5cmt7mg3w,4036062007,3,1.0,FIXED TABLE,FIXED INDEX,X$ASH (ind:1)
0k8522rmdzg4k,2057665657,0,,SELECT STATEMENT,,
0k8522rmdzg4k,2057665657,1,0.0,INLIST ITERATOR,,
0k8522rmdzg4k,2057665657,2,1.0,INDEX,RANGE SCAN,I_SYSAUTH1
865qwpcdyggkk,2709293936,0,,SELECT STATEMENT,,
865qwpcdyggkk,2709293936,1,0.0,TABLE ACCESS,CLUSTER,USER$
865qwpcdyggkk,2709293936,2,1.0,INDEX,UNIQUE SCAN,I_USER#
9778hnuwrmgu7,695288993,0,,SELECT STATEMENT,,
9778hnuwrmgu7,695288993,1,0.0,TABLE ACCESS,FULL,STMT_AUDIT_OPTION_MAP
1j6t6x3a5vgwa,3363151076,0,,SELECT STATEMENT,,
1j6t6x3a5vgwa,3363151076,1,0.0,SORT,AGGREGATE,
1j6t6x3a5vgwa,3363151076,2,1.0,FILTER,,
1j6t6x3a5vgwa,3363151076,3,2.0,NESTED LOOPS,,
1j6t6x3a5vgwa,3363151076,4,3.0,NESTED LOOPS,,
1j6t6x3a5vgwa,3363151076,5,4.0,MERGE JOIN,CARTESIAN,
1j6t6x3a5vgwa,3363151076,6,5.0,NESTED LOOPS,,
1j6t6x3a5vgwa,3363151076,7,6.0,TABLE ACCESS,BY INDEX ROWID,USER$
1j6t6x3a5vgwa,3363151076,8,7.0,INDEX,UNIQUE SCAN,I_USER1
1j6t6x3a5vgwa,3363151076,9,6.0,INDEX,FULL SCAN,I_SYN1
1j6t6x3a5vgwa,3363151076,10,5.0,BUFFER,SORT,
1j6t6x3a5vgwa,3363151076,11,10.0,INDEX,FULL SCAN,I_USER2
1j6t6x3a5vgwa,3363151076,12,4.0,INDEX,UNIQUE SCAN,I_OBJ1
1j6t6x3a5vgwa,3363151076,13,3.0,TABLE ACCESS,BY INDEX ROWID,OBJ$
1j6t6x3a5vgwa,3363151076,14,2.0,TABLE ACCESS,BY INDEX ROWID BATCHED,USER_EDITIONING$
1j6t6x3a5vgwa,3363151076,15,14.0,INDEX,RANGE SCAN,I_USER_EDITIONING
1j6t6x3a5vgwa,3363151076,16,2.0,TABLE ACCESS,BY INDEX ROWID BATCHED,USER_EDITIONING$
1j6t6x3a5vgwa,3363151076,17,16.0,INDEX,RANGE SCAN,I_USER_EDITIONING
1j6t6x3a5vgwa,3363151076,18,2.0,NESTED LOOPS,SEMI,
1j6t6x3a5vgwa,3363151076,19,18.0,INDEX,SKIP SCAN,I_USER2
1j6t6x3a5vgwa,3363151076,20,18.0,INDEX,RANGE SCAN,I_OBJ4
0nvr1rz2arhh3,4250213283,0,,SELECT STATEMENT,,
0nvr1rz2arhh3,4250213283,1,0.0,HASH JOIN,,
0nvr1rz2arhh3,4250213283,2,1.0,FIXED TABLE,FIXED INDEX,X$KSPPI (ind:1)
0nvr1rz2arhh3,4250213283,3,1.0,FIXED TABLE,FULL,X$KSPPCV
f3ww8rgva3hrs,477378112,0,,UPDATE STATEMENT,,
f3ww8rgva3hrs,477378112,1,0.0,UPDATE,,COL_USAGE$
f3ww8rgva3hrs,477378112,2,1.0,INDEX,UNIQUE SCAN,I_COL_USAGE$
7rcuuapvurjnq,983028472,0,,SELECT STATEMENT,,
7rcuuapvurjnq,983028472,1,0.0,SORT,ORDER BY,
7rcuuapvurjnq,983028472,2,1.0,UNION-ALL,,
7rcuuapvurjnq,983028472,3,2.0,COUNT,STOPKEY,
7rcuuapvurjnq,983028472,4,3.0,VIEW,,DBA_OBJECTS
7rcuuapvurjnq,983028472,5,4.0,UNION-ALL,,
7rcuuapvurjnq,983028472,6,5.0,TABLE ACCESS,BY INDEX ROWID,SUM$
7rcuuapvurjnq,983028472,7,6.0,INDEX,UNIQUE SCAN,I_SUM$_1
7rcuuapvurjnq,983028472,8,5.0,FILTER,,
7rcuuapvurjnq,983028472,9,8.0,HASH JOIN,,
7rcuuapvurjnq,983028472,10,9.0,NESTED LOOPS,,
7rcuuapvurjnq,983028472,11,10.0,TABLE ACCESS,BY INDEX ROWID,USER$
7rcuuapvurjnq,983028472,12,11.0,INDEX,UNIQUE SCAN,I_USER1
7rcuuapvurjnq,983028472,13,10.0,TABLE ACCESS,BY INDEX ROWID BATCHED,OBJ$
7rcuuapvurjnq,983028472,14,13.0,INDEX,RANGE SCAN,I_OBJ5
7rcuuapvurjnq,983028472,15,9.0,INDEX,FULL SCAN,I_USER2
7rcuuapvurjnq,983028472,16,8.0,NESTED LOOPS,,
7rcuuapvurjnq,983028472,17,16.0,NESTED LOOPS,,
7rcuuapvurjnq,983028472,18,17.0,TABLE ACCESS,BY INDEX ROWID,IND$
7rcuuapvurjnq,983028472,19,18.0,INDEX,UNIQUE SCAN,I_IND1
7rcuuapvurjnq,983028472,20,17.0,TABLE ACCESS,CLUSTER,TAB$
7rcuuapvurjnq,983028472,21,16.0,INDEX,RANGE SCAN,I_OBJ1
7rcuuapvurjnq,983028472,22,8.0,TABLE ACCESS,CLUSTER,TAB$
7rcuuapvurjnq,983028472,23,22.0,INDEX,UNIQUE SCAN,I_OBJ#
7rcuuapvurjnq,983028472,24,8.0,TABLE ACCESS,BY INDEX ROWID,SEQ$
7rcuuapvurjnq,983028472,25,24.0,INDEX,UNIQUE SCAN,I_SEQ1
7rcuuapvurjnq,983028472,26,8.0,TABLE ACCESS,BY INDEX ROWID BATCHED,USER_EDITIONING$
7rcuuapvurjnq,983028472,27,26.0,INDEX,RANGE SCAN,I_USER_EDITIONING
7rcuuapvurjnq,983028472,28,8.0,TABLE ACCESS,BY INDEX ROWID BATCHED,USER_EDITIONING$
7rcuuapvurjnq,983028472,29,28.0,INDEX,RANGE SCAN,I_USER_EDITIONING
7rcuuapvurjnq,983028472,30,8.0,NESTED LOOPS,SEMI,
7rcuuapvurjnq,983028472,31,30.0,INDEX,SKIP SCAN,I_USER2
7rcuuapvurjnq,983028472,32,30.0,INDEX,RANGE SCAN,I_OBJ4
7rcuuapvurjnq,983028472,33,5.0,FILTER,,
7rcuuapvurjnq,983028472,34,33.0,NESTED LOOPS,,
7rcuuapvurjnq,983028472,35,34.0,TABLE ACCESS,BY INDEX ROWID,USER$
7rcuuapvurjnq,983028472,36,35.0,INDEX,UNIQUE SCAN,I_USER1
7rcuuapvurjnq,983028472,37,34.0,INDEX,RANGE SCAN,I_LINK1
7rcuuapvurjnq,983028472,38,2.0,COUNT,STOPKEY,
7rcuuapvurjnq,983028472,39,38.0,NESTED LOOPS,,
7rcuuapvurjnq,983028472,40,39.0,MERGE JOIN,CARTESIAN,
7rcuuapvurjnq,983028472,41,40.0,HASH JOIN,,
7rcuuapvurjnq,983028472,42,41.0,NESTED LOOPS,,
7rcuuapvurjnq,983028472,43,42.0,STATISTICS COLLECTOR,,
7rcuuapvurjnq,983028472,44,43.0,HASH JOIN,,
7rcuuapvurjnq,983028472,45,44.0,NESTED LOOPS,,
7rcuuapvurjnq,983028472,46,45.0,STATISTICS COLLECTOR,,
7rcuuapvurjnq,983028472,47,46.0,HASH JOIN,OUTER,
7rcuuapvurjnq,983028472,48,47.0,NESTED LOOPS,OUTER,
7rcuuapvurjnq,983028472,49,48.0,STATISTICS COLLECTOR,,
7rcuuapvurjnq,983028472,50,49.0,HASH JOIN,,
7rcuuapvurjnq,983028472,51,50.0,HASH JOIN,,
7rcuuapvurjnq,983028472,52,51.0,NESTED LOOPS,,
7rcuuapvurjnq,983028472,53,52.0,NESTED LOOPS,,
7rcuuapvurjnq,983028472,54,53.0,STATISTICS COLLECTOR,,
7rcuuapvurjnq,983028472,55,54.0,HASH JOIN,OUTER,
7rcuuapvurjnq,983028472,56,55.0,TABLE ACCESS,BY INDEX ROWID BATCHED,USER$
7rcuuapvurjnq,983028472,57,56.0,INDEX,RANGE SCAN,I_USER1
7rcuuapvurjnq,983028472,58,55.0,TABLE ACCESS,FULL,RESOURCE_GROUP_MAPPING$
7rcuuapvurjnq,983028472,59,53.0,INDEX,RANGE SCAN,I_PROFILE
7rcuuapvurjnq,983028472,60,52.0,TABLE ACCESS,BY INDEX ROWID,PROFILE$
7rcuuapvurjnq,983028472,61,51.0,TABLE ACCESS,FULL,PROFILE$
7rcuuapvurjnq,983028472,62,50.0,TABLE ACCESS,FULL,PROFNAME$
7rcuuapvurjnq,983028472,63,48.0,TABLE ACCESS,CLUSTER,TS$
7rcuuapvurjnq,983028472,64,63.0,INDEX,UNIQUE SCAN,I_TS#
7rcuuapvurjnq,983028472,65,47.0,TABLE ACCESS,FULL,TS$
7rcuuapvurjnq,983028472,66,45.0,TABLE ACCESS,CLUSTER,TS$
7rcuuapvurjnq,983028472,67,66.0,INDEX,UNIQUE SCAN,I_TS#
7rcuuapvurjnq,983028472,68,44.0,TABLE ACCESS,FULL,TS$
7rcuuapvurjnq,983028472,69,42.0,TABLE ACCESS,CLUSTER,TS$
7rcuuapvurjnq,983028472,70,69.0,INDEX,UNIQUE SCAN,I_TS#
7rcuuapvurjnq,983028472,71,41.0,TABLE ACCESS,FULL,TS$
7rcuuapvurjnq,983028472,72,40.0,BUFFER,SORT,
7rcuuapvurjnq,983028472,73,72.0,TABLE ACCESS,BY INDEX ROWID BATCHED,PROFILE$
7rcuuapvurjnq,983028472,74,73.0,INDEX,RANGE SCAN,I_PROFILE
7rcuuapvurjnq,983028472,75,39.0,TABLE ACCESS,FULL,USER_ASTATUS_MAP
9cdtq741ggk2h,2306105003,0,,DELETE STATEMENT,,
9cdtq741ggk2h,2306105003,1,0.0,DELETE,,LTXID_TRANS
9cdtq741ggk2h,2306105003,2,1.0,COUNT,STOPKEY,
9cdtq741ggk2h,2306105003,3,2.0,FILTER,,
9cdtq741ggk2h,2306105003,4,3.0,PARTITION LIST,SINGLE,
9cdtq741ggk2h,2306105003,5,4.0,TABLE ACCESS,BY LOCAL INDEX ROWID BATCHED,LTXID_TRANS
9cdtq741ggk2h,2306105003,6,5.0,INDEX,RANGE SCAN,I_LTXID_TRANS$PK
9cdtq741ggk2h,2306105003,7,3.0,FIXED TABLE,FULL,X$KJAC_ID
9cdtq741ggk2h,2306105003,8,3.0,TABLE ACCESS,FULL,SERVICE$
66tyyrdwrbmx7,1053712354,0,,SELECT STATEMENT,,
66tyyrdwrbmx7,1053712354,1,0.0,TABLE ACCESS,FULL,SCHEDULER$_WINDOW
ac7kbcgkmbn2s,695288993,0,,SELECT STATEMENT,,
ac7kbcgkmbn2s,695288993,1,0.0,TABLE ACCESS,FULL,STMT_AUDIT_OPTION_MAP
5mykxdw7zzpaj,2495894145,0,,DELETE STATEMENT,,
5mykxdw7zzpaj,2495894145,1,0.0,DELETE,,LINK_LOGONS$
5mykxdw7zzpaj,2495894145,2,1.0,TABLE ACCESS,FULL,LINK_LOGONS$
4q09bbnbvvquv,708779294,0,,SELECT STATEMENT,,
4q09bbnbvvquv,708779294,1,0.0,NESTED LOOPS,,
4q09bbnbvvquv,708779294,2,1.0,NESTED LOOPS,,
4q09bbnbvvquv,708779294,3,2.0,FIXED TABLE,FULL,X$KSLWT
4q09bbnbvvquv,708779294,4,2.0,FIXED TABLE,FIXED INDEX,X$KSUSE (ind:1)
4q09bbnbvvquv,708779294,5,4.0,FIXED TABLE,FULL,X$KSUMYSTA
4q09bbnbvvquv,708779294,6,5.0,FIXED TABLE,FULL,X$KSUSGIF
4q09bbnbvvquv,708779294,7,1.0,FIXED TABLE,FIXED INDEX,X$KSLED (ind:2)
gx6pd8mg57t2u,1078166315,0,,SELECT STATEMENT,,
gx6pd8mg57t2u,1078166315,1,0.0,FIXED TABLE,FULL,X$VERSION
9wdjq7t2g7tmc,3610110620,0,,SELECT STATEMENT,,
9wdjq7t2g7tmc,3610110620,1,0.0,SORT,GROUP BY,
9wdjq7t2g7tmc,3610110620,2,1.0,TABLE ACCESS,FULL,STATS_ADVISOR_FILTER_OBJ$
50vxqdkj4zu1w,1457651150,0,,SELECT STATEMENT,,
50vxqdkj4zu1w,1457651150,1,0.0,TABLE ACCESS,BY INDEX ROWID,USER$
50vxqdkj4zu1w,1457651150,2,1.0,INDEX,UNIQUE SCAN,I_USER1
50vxqdkj4zu1w,1457651150,0,,SELECT STATEMENT,,
50vxqdkj4zu1w,1457651150,1,0.0,TABLE ACCESS,BY INDEX ROWID,USER$
50vxqdkj4zu1w,1457651150,2,1.0,INDEX,UNIQUE SCAN,I_USER1
0fr8zhn4ymu3v,1231101765,0,,SELECT STATEMENT,,
0fr8zhn4ymu3v,1231101765,1,0.0,TABLE ACCESS,BY INDEX ROWID,OPQTYPE$
0fr8zhn4ymu3v,1231101765,2,1.0,INDEX,RANGE SCAN,I_OPQTYPE1
4tvgntg4c3vyt,2867189561,0,,SELECT STATEMENT,,
4tvgntg4c3vyt,2867189561,1,0.0,TABLE ACCESS,BY INDEX ROWID BATCHED,OPT_DIRECTIVE$
4tvgntg4c3vyt,2867189561,2,1.0,INDEX,RANGE SCAN,I_OPT_DIRECTIVE_DIROWN#
9tgj4g8y4rwy8,3755742892,0,,SELECT STATEMENT,,
9tgj4g8y4rwy8,3755742892,1,0.0,TABLE ACCESS,CLUSTER,SEG$
9tgj4g8y4rwy8,3755742892,2,1.0,INDEX,UNIQUE SCAN,I_FILE#_BLOCK#
0dzjhvmbd3wyx,2905815311,0,,SELECT STATEMENT,,
0dzjhvmbd3wyx,2905815311,1,0.0,SORT,AGGREGATE,
0dzjhvmbd3wyx,2905815311,2,1.0,INDEX,UNIQUE SCAN,I_COL1
g0t052az3rx44,3765558045,0,,SELECT STATEMENT,,
g0t052az3rx44,3765558045,1,0.0,SORT,ORDER BY,
g0t052az3rx44,3765558045,2,1.0,TABLE ACCESS,CLUSTER,COL$
g0t052az3rx44,3765558045,3,2.0,INDEX,UNIQUE SCAN,I_OBJ#
g0t052az3rx44,3765558045,0,,SELECT STATEMENT,,
g0t052az3rx44,3765558045,1,0.0,SORT,ORDER BY,
g0t052az3rx44,3765558045,2,1.0,TABLE ACCESS,CLUSTER,COL$
g0t052az3rx44,3765558045,3,2.0,INDEX,UNIQUE SCAN,I_OBJ#
g0t052az3rx44,3765558045,0,,SELECT STATEMENT,,
g0t052az3rx44,3765558045,1,0.0,SORT,ORDER BY,
g0t052az3rx44,3765558045,2,1.0,TABLE ACCESS,CLUSTER,COL$
g0t052az3rx44,3765558045,3,2.0,INDEX,UNIQUE SCAN,I_OBJ#
cq8s0cpgt7xn9,121518410,0,,SELECT STATEMENT,,
cq8s0cpgt7xn9,121518410,1,0.0,MERGE JOIN,ANTI,
cq8s0cpgt7xn9,121518410,2,1.0,TABLE ACCESS,BY INDEX ROWID,RXS$SESSIONS
cq8s0cpgt7xn9,121518410,3,2.0,INDEX,FULL SCAN,RXS$SESSIONS_I1
cq8s0cpgt7xn9,121518410,4,1.0,SORT,UNIQUE,
cq8s0cpgt7xn9,121518410,5,4.0,VIEW,,VW_NSO_1
cq8s0cpgt7xn9,121518410,6,5.0,FILTER,,
cq8s0cpgt7xn9,121518410,7,6.0,NESTED LOOPS,,
cq8s0cpgt7xn9,121518410,8,7.0,NESTED LOOPS,,
cq8s0cpgt7xn9,121518410,9,8.0,NESTED LOOPS,,
cq8s0cpgt7xn9,121518410,10,9.0,NESTED LOOPS,,
cq8s0cpgt7xn9,121518410,11,10.0,FIXED TABLE,FULL,X$XS_SESSIONS
cq8s0cpgt7xn9,121518410,12,10.0,TABLE ACCESS,BY INDEX ROWID,RXS$SESSIONS
cq8s0cpgt7xn9,121518410,13,12.0,INDEX,UNIQUE SCAN,RXS$SESSIONS_I1
cq8s0cpgt7xn9,121518410,14,9.0,FIXED TABLE,FIXED INDEX,X$KSUSE (ind:1)
cq8s0cpgt7xn9,121518410,15,8.0,FIXED TABLE,FIXED INDEX,X$KSLWT (ind:1)
cq8s0cpgt7xn9,121518410,16,7.0,FIXED TABLE,FIXED INDEX,X$KSLED (ind:2)
42x716t87rxpk,3869398808,0,,SELECT STATEMENT,,
42x716t87rxpk,3869398808,1,0.0,SORT,ORDER BY,
42x716t87rxpk,3869398808,2,1.0,TABLE ACCESS,FULL,AUD$
2p9fv35c7zxtg,2367040129,0,,SELECT STATEMENT,,
2p9fv35c7zxtg,2367040129,1,0.0,COUNT,STOPKEY,
2p9fv35c7zxtg,2367040129,2,1.0,NESTED LOOPS,OUTER,
2p9fv35c7zxtg,2367040129,3,2.0,VIEW,,
2p9fv35c7zxtg,2367040129,4,3.0,UNION-ALL,,
2p9fv35c7zxtg,2367040129,5,4.0,TABLE ACCESS,CLUSTER,TAB$
2p9fv35c7zxtg,2367040129,6,5.0,INDEX,UNIQUE SCAN,I_OBJ#
2p9fv35c7zxtg,2367040129,7,4.0,TABLE ACCESS,BY INDEX ROWID,TABPART$
2p9fv35c7zxtg,2367040129,8,7.0,INDEX,UNIQUE SCAN,I_TABPART_OBJ$
2p9fv35c7zxtg,2367040129,9,4.0,TABLE ACCESS,BY INDEX ROWID,TABCOMPART$
2p9fv35c7zxtg,2367040129,10,9.0,INDEX,UNIQUE SCAN,I_TABCOMPART$
2p9fv35c7zxtg,2367040129,11,4.0,TABLE ACCESS,BY INDEX ROWID,TABSUBPART$
2p9fv35c7zxtg,2367040129,12,11.0,INDEX,UNIQUE SCAN,I_TABSUBPART$_OBJ$
2p9fv35c7zxtg,2367040129,13,2.0,TABLE ACCESS,BY INDEX ROWID,MON_MODS_ALL$
2p9fv35c7zxtg,2367040129,14,13.0,INDEX,UNIQUE SCAN,I_MON_MODS_ALL$_OBJ
ctwwstkgsmy7m,1859365962,0,,SELECT STATEMENT,,
ctwwstkgsmy7m,1859365962,1,0.0,FILTER,,
ctwwstkgsmy7m,1859365962,2,1.0,HASH JOIN,,
ctwwstkgsmy7m,1859365962,3,2.0,NESTED LOOPS,,
ctwwstkgsmy7m,1859365962,4,3.0,STATISTICS COLLECTOR,,
ctwwstkgsmy7m,1859365962,5,4.0,HASH JOIN,,
ctwwstkgsmy7m,1859365962,6,5.0,NESTED LOOPS,,
ctwwstkgsmy7m,1859365962,7,6.0,STATISTICS COLLECTOR,,
ctwwstkgsmy7m,1859365962,8,7.0,HASH JOIN,,
ctwwstkgsmy7m,1859365962,9,8.0,NESTED LOOPS,,
ctwwstkgsmy7m,1859365962,10,9.0,STATISTICS COLLECTOR,,
ctwwstkgsmy7m,1859365962,11,10.0,HASH JOIN,,
ctwwstkgsmy7m,1859365962,12,11.0,NESTED LOOPS,,
ctwwstkgsmy7m,1859365962,13,12.0,STATISTICS COLLECTOR,,
ctwwstkgsmy7m,1859365962,14,13.0,HASH JOIN,,
ctwwstkgsmy7m,1859365962,15,14.0,NESTED LOOPS,,
ctwwstkgsmy7m,1859365962,16,15.0,STATISTICS COLLECTOR,,
ctwwstkgsmy7m,1859365962,17,16.0,NESTED LOOPS,,
ctwwstkgsmy7m,1859365962,18,17.0,TABLE ACCESS,FULL,SYN$
ctwwstkgsmy7m,1859365962,19,17.0,TABLE ACCESS,BY INDEX ROWID,USER$
ctwwstkgsmy7m,1859365962,20,19.0,INDEX,UNIQUE SCAN,I_USER1
ctwwstkgsmy7m,1859365962,21,15.0,TABLE ACCESS,BY INDEX ROWID BATCHED,OBJ$
ctwwstkgsmy7m,1859365962,22,21.0,INDEX,RANGE SCAN,I_OBJ5
ctwwstkgsmy7m,1859365962,23,14.0,TABLE ACCESS,FULL,OBJ$
ctwwstkgsmy7m,1859365962,24,12.0,INDEX,RANGE SCAN,I_USER2
ctwwstkgsmy7m,1859365962,25,11.0,INDEX,FULL SCAN,I_USER2
ctwwstkgsmy7m,1859365962,26,9.0,TABLE ACCESS,BY INDEX ROWID BATCHED,OBJ$
ctwwstkgsmy7m,1859365962,27,26.0,INDEX,RANGE SCAN,I_OBJ1
ctwwstkgsmy7m,1859365962,28,8.0,TABLE ACCESS,FULL,OBJ$
ctwwstkgsmy7m,1859365962,29,6.0,TABLE ACCESS,CLUSTER,USER$
ctwwstkgsmy7m,1859365962,30,29.0,INDEX,UNIQUE SCAN,I_USER#
ctwwstkgsmy7m,1859365962,31,5.0,TABLE ACCESS,FULL,USER$
ctwwstkgsmy7m,1859365962,32,3.0,INDEX,RANGE SCAN,I_USER2
ctwwstkgsmy7m,1859365962,33,2.0,INDEX,FULL SCAN,I_USER2
ctwwstkgsmy7m,1859365962,34,1.0,TABLE ACCESS,BY INDEX ROWID BATCHED,USER_EDITIONING$
ctwwstkgsmy7m,1859365962,35,34.0,INDEX,RANGE SCAN,I_USER_EDITIONING
ctwwstkgsmy7m,1859365962,36,1.0,TABLE ACCESS,BY INDEX ROWID BATCHED,USER_EDITIONING$
ctwwstkgsmy7m,1859365962,37,36.0,INDEX,RANGE SCAN,I_USER_EDITIONING
ctwwstkgsmy7m,1859365962,38,1.0,NESTED LOOPS,SEMI,
ctwwstkgsmy7m,1859365962,39,38.0,INDEX,SKIP SCAN,I_USER2
ctwwstkgsmy7m,1859365962,40,38.0,INDEX,RANGE SCAN,I_OBJ4
ctwwstkgsmy7m,1859365962,41,1.0,TABLE ACCESS,BY INDEX ROWID BATCHED,USER_EDITIONING$
ctwwstkgsmy7m,1859365962,42,41.0,INDEX,RANGE SCAN,I_USER_EDITIONING
ctwwstkgsmy7m,1859365962,43,1.0,TABLE ACCESS,BY INDEX ROWID BATCHED,USER_EDITIONING$
ctwwstkgsmy7m,1859365962,44,43.0,INDEX,RANGE SCAN,I_USER_EDITIONING
ctwwstkgsmy7m,1859365962,45,1.0,NESTED LOOPS,SEMI,
ctwwstkgsmy7m,1859365962,46,45.0,INDEX,SKIP SCAN,I_USER2
ctwwstkgsmy7m,1859365962,47,45.0,INDEX,RANGE SCAN,I_OBJ4
fk8ccvqc8mypq,2974321161,0,,SELECT STATEMENT,,
fk8ccvqc8mypq,2974321161,1,0.0,TABLE ACCESS,FULL,ALL_UNIFIED_AUDIT_ACTIONS
3s1yukp05bzg6,4159334603,0,,SELECT STATEMENT,,
3s1yukp05bzg6,4159334603,1,0.0,TABLE ACCESS,BY INDEX ROWID,WRI$_SCH_CONTROL
3s1yukp05bzg6,4159334603,2,1.0,INDEX,UNIQUE SCAN,WRM$_SCH_CONTROL_PK
